EFF_AGE,ACT_AGE,LND_SQFOOT,TOT_LVG_AREA,S_LEGAL,CONST_CLASS,IMP_QUAL,JV,LND_VAL,NO_BULDNG,NCONST_VAL,DEL_VAL,SPEC_FEAT_VAL,MonthDifference,SALE_PRC1,Target_Var
23,23,20850,1453,LOTS 13 TO 18 INC BLK L 4TH AD,0,3,154349,13755,1,0,0,13661,5,205000,0
18,22,10000,1330,LOT 8 BLK 266 DELTONA LAKES UN,0,3,149271,20400,1,0,0,278,3,210000,0
7,30,10000,1395,LOT 9 BLK 322 DELTONA LAKES UN,0,3,169016,21200,1,0,0,0,5,199900,0
12,20,10000,1551,LOT 9 BLK 370 DELTONA LAKES UN,0,3,167252,21200,1,0,0,142,4,186000,0
42,42,10250,1702,LOT 7 BLK 366 DELTONA LAKES UN,0,3,130450,24600,1,0,0,897,4,219900,0
16,19,12180,1785,LOT 11 BLK 389 DELTONA LAKES U,0,3,183769,21408,1,0,0,0,2,243000,0
38,47,9625,1554,LOT 6 BLK 55 DELTONA LAKES UNI,0,3,133978,24640,1,0,0,87,0,128000,1
32,42,39060,1748,LOT 10 BLK 375 DELTONA LAKES U,0,3,175249,47709,1,0,0,83,1,239900,0
19,44,10000,1402,LOT 17 BLK 292 DELTONA LAKES U,0,3,170472,20400,1,0,0,9612,5,215000,0
34,44,14416,1948,LOT 17 BLK 304 DELTONA LAKES U,0,3,182709,24449,1,0,0,779,6,215000,0
10,44,10000,1517,LOT 37 BLK 371 DELTONA LAKES U,0,3,175615,21200,1,0,0,0,7,192900,0
33,47,16470,1652,LOT 9 EXC NEW R/W FOR SAXON BL,0,3,136704,22549,1,0,0,0,0,110000,1
39,45,15125,1963,LOT 45 & E 1/2 LOT 46 BLK 317,0,3,168857,23141,1,0,0,234,0,99000,0
37,42,10000,1448,LOT 11 BLK 256 DELTONA LAKES U,0,3,156628,24800,1,0,0,13064,4,192000,0
36,44,9750,1642,LOT 12 BLK 294 DELTONA LAKES U,0,3,154009,24180,1,1132,0,1337,4,199900,0
9,35,102749,1768,TRACT BEG NE COR OF SW 1/4 RUN,4,3,194721,45962,1,42441,0,17389,7,263400,0
19,33,7643,2542,BLOOMINGDALE SECTION BB PHASE,4,3,207692,41638,1,0,0,24881,9,240000,0
16,27,16636,4024,RIVER HILLS COUNTRY CLUB PHASE,3,5,442745,85035,1,0,0,33372,6,310000,1
16,28,15443,3878,RIVER HILLS COUNTRY CLUB PHASE,3,5,428603,87078,1,0,0,39458,6,450000,0
32,60,48180,1495,E 212 FT OF N 1/2 OF S 1/2 OF,3,3,126376,37060,1,0,0,4612,0,100000,1
16,26,16694,2124,BLOOMINGDALE SECTION DD PHASE,3,3,177657,38635,1,0,0,0,3,237500,0
12,20,6654,2683,BLOOMINGDALE SECTION DD PH 3 A,3,3,213061,36364,1,0,0,0,5,188100,1
8,11,13822,2720,CHANNING PARK,3,3,262483,94061,1,0,0,0,4,296000,0
20,34,192661,2816,W 330 FT OF SW 1/4 OF SW 1/4 O,3,3,270258,133569,1,0,0,893,2,288500,0
8,16,9417,3270,FISHHAWK RANCH PHASE 2 PARCEL,3,3,289742,67016,1,0,0,0,2,365000,0
12,20,7381,2265,FISHHAWK RANCH PHASE 1 UNIT 1B,3,3,203420,40197,1,0,0,20141,3,279000,0
10,16,5850,3074,FISHHAWK RANCH TOWNCENTER PHAS,3,3,255431,48672,1,0,0,0,3,349900,0
12,20,4600,1541,FISHHAWK RANCH PHASE 2 PARCEL,3,3,140791,35684,1,0,0,0,0,175000,0
12,20,6191,1732,FISHHAWK RANCH PHASE 2 PARCEL,3,3,179065,42148,1,0,0,22224,9,224000,0
27,27,9365,2281,THE GLADES,0,4,184216,45494,1,0,0,4813,-6,252000,0
27,27,10849,2696,THE GLADES,0,4,313585,79000,1,0,0,10362,4,369000,0
19,19,14730,2877,THE GLADES,0,4,363292,79000,1,0,0,9305,0,193500,1
8,33,8929,1478,32 2S 17W  -49.5-  5D4,0,4,154251,32580,1,0,0,937,0,210000,0
61,61,6490,817,LAGUNA BEACH 5TH ADD,0,4,158575,130000,1,0,0,0,1,130000,0
11,26,7701,2090,SUMMER BREEZE PHASE I  21A1,0,5,338524,44045,1,0,0,11916,3,412500,0
82,82,0,954,29 6S 22,0,3,34704,8500,1,294,0,0,-2,20700,1
42,82,0,825,29 6S 22,0,3,36554,12000,1,820,0,635,-8,40000,1
37,46,0,1201,33 6S 22,0,3,56692,9000,1,0,0,0,4,60000,1
72,72,0,1434,33 6S 22,0,3,38071,14000,1,0,0,0,2,37500,0
27,75,0,1388,34 6S 22,0,3,94237,15250,1,12366,352,1504,7,137000,0
27,72,0,1455,35 6S 22,0,3,102252,19000,1,7791,0,683,4,144900,0
14,14,422532,994,5 7S 22,0,2,64444,44450,1,0,0,2052,0,35000,0
17,30,43560,1625,10 7S 22,0,3,110243,14000,1,7239,0,0,4,136500,0
47,47,0,1265,10 7S 22,0,3,80212,59000,1,0,0,1564,4,64600,1
37,65,20038,2306,"SCOTTSMOOR LOTS 24,25,26 BLK 6",3,1,79260,16500,1,6780,0,0,3,66000,0
15,63,6534,794,SUBD OF W 1/2 OF NW 1/4 OF SW,4,1,31620,2320,1,710,0,0,4,61500,0
27,49,20473,2046,S 147.5 FT OF E 147.5 FT OF NW,3,3,86400,6930,1,0,1911,0,0,90000,1
22,37,14810,1404,PART OF NW 1/4 OF NW 1/4 AS DE,3,1,50320,6590,1,0,0,0,0,27500,1
17,56,9148,1896,LA GRANGE ACRES 1ST ADDN LOT 1,3,2,136470,36000,1,1780,0,0,3,164900,0
17,56,8276,1884,COUNTRY ESTATES UNIT 1 LOT 4 E,3,2,139910,40000,1,70,0,0,4,178500,0
17,56,13068,2016,COUNTRY ESTATES UNIT 2 LOT 7 B,3,2,143800,40000,1,0,0,0,2,175000,0
32,52,7405,1285,LAURELL PARK ESTATES REPLAT LO,3,2,81890,40000,1,0,0,0,3,140000,0
14,46,7405,1680,BONNYMEDE ESTATES UNIT NO 1 LO,3,2,131650,40000,1,3550,0,0,4,162900,0
17,35,2178,2226,TITUS WOODS LOT  2 BLK 7,4,3,112070,10000,1,0,0,0,0,88000,1
37,64,7841,1635,PINEWOOD VILLAS LOT 12 BLK A,3,2,80780,28000,1,0,0,0,4,106000,0
32,60,8276,1732,WHITE ACRES SUBD REPLAT LOT 7,3,2,85360,28000,1,0,100,0,4,80000,0
17,42,8276,1644,GROVE PARK LOT 4  BLK A,3,3,131930,32000,1,0,348,0,5,175000,0
17,34,3049,2012,"SPRINGTREE UNIT 3, A CORRECTIV",3,2,82900,5000,1,0,0,0,4,98200,0
32,58,3920,816,CIRCLE PARK S 35.29 FT OF LOT,3,1,31320,7000,1,0,0,0,0,43000,1
32,58,2614,1046,CIRCLE PARK S 24.08 FT OF N 13,3,1,34720,7000,1,0,0,0,0,43000,1
17,56,7405,1886,LUNA HEIGHTS LOT 9 BLK 8,3,2,132880,40000,1,820,0,0,7,170000,0
32,61,8276,1901,GARDENDALE UNIT 1 LOT 4 BLK 1,4,2,101520,39000,1,0,0,0,5,50000,0
26,57,9148,1944,GARDENDALE UNIT 6 LOT 170,3,2,120550,40000,1,0,0,0,0,98000,1
37,64,8712,1552,SOUTH LAKE VILLAGE SEC 1 LOT 3,3,2,75460,35000,1,0,0,0,1,84900,0
7,11,15246,1650,SUBD OF E 1/2 OF NE 1/4 LOT 6,3,3,131380,12950,1,0,0,0,0,74000,0
17,41,10019,1789,BAKERS UNIT 2 LOT 7  BLK 4,4,3,140380,27000,1,0,0,0,-7,173300,0
17,36,12197,1672,"READ & ALLENS SUBD LOTS 23,24",4,2,112020,6880,1,0,0,0,5,163000,0
17,24,44431,1999,PART OF S 1/2 OF NE 1/4 AS DES,3,3,152810,31500,1,0,0,0,4,230000,0
21,38,1742,768,ROCK PIT ROAD TOWNHOUSES LOT 4,3,2,45620,3600,1,0,0,0,7,52000,0
17,62,8276,1980,COUNTRY CLUB HEIGHTS 1ST ADDN,3,2,146340,37000,1,4370,0,0,4,179000,0
22,35,4356,2828,TITUSVILLAGE SEC III LOT 12,3,3,134170,29000,1,0,0,0,0,100000,1
27,56,7841,1435,MOCKINGBIRD HILL UNIT 4 LOT 7,3,2,92620,30000,1,0,0,0,4,179000,0
15,35,6970,1434,BARNA PLACE E 56.49 FT OF LOT,4,3,106420,20000,1,510,0,0,2,130000,0
22,43,1742,1328,TENNIS VILLAGE SEC 1 LOT 1C,3,2,91520,31000,1,200,0,0,2,114000,0
17,56,10019,2288,WHISPERING HILLS COUNTRY CLUB,3,2,159580,35000,1,850,0,0,7,184500,0
12,63,9583,2142,COUNTRY CLUB HILLS E 35 FT OF,3,2,163630,35000,1,4230,0,0,0,85000,1
32,53,9148,1380,WHISPERING HILLS COUNTRY CLUB,3,2,92670,30000,1,0,0,0,0,25000,1
17,64,11326,1575,GOLFVIEW ESTATES LOT 14 BLK B,3,2,113080,35000,1,0,1020,0,5,153000,0
37,58,10890,1340,LAKEFRONT ESTATES LOT 15 BLK 1,3,2,75510,35000,1,0,0,0,0,88000,1
27,43,9148,2035,DELESPINE COURTS LOTS 3 & W 1/,3,2,119450,23000,1,0,0,0,2,140000,0
14,63,9148,1376,DELESPINE COURTS REPLAT LOT 21,3,2,109590,23000,1,0,0,0,5,159000,0
32,63,9148,1176,DELESPINE COURTS REPLAT LOT 14,3,2,78660,23000,1,0,0,0,2,95000,0
37,60,11326,1220,INDIAN RIVER SHORES SEC A LOTS,3,2,72060,32000,1,0,0,0,2,84000,0
32,64,6534,1492,"ALHAMBRA VILLAS, REPLAT OF PT",3,2,88570,34000,1,0,0,0,0,77500,1
27,53,10890,2138,COLONIAL HEIGHTS ADDN NO 2 LOT,3,2,119470,28050,1,50,0,0,4,186500,0
37,63,7841,1983,PALM COURTS 2ND ADDN LOT 47,3,2,84460,34000,1,0,0,0,3,85500,0
12,18,5663,2590,PLANTATION OAKS OF BREVARD PHA,3,3,166730,17000,1,0,0,0,-7,190000,0
32,58,7405,1512,COLONIAL HEIGHTS ADDN NO 1 LOT,3,2,76400,25500,1,0,0,0,5,159900,0
24,34,14375,3725,HICKORY LAKE LOT 8 BLK 3,4,3,240260,50000,1,0,0,0,1,200000,0
17,44,7841,2130,OAKDALE SEC 3 LOT 14 BLK 5,3,3,172780,39000,1,80,0,0,3,219900,0
17,47,10019,2156,OAKDALE SEC 3 LOT 4  BLK 5,3,3,179510,39000,1,13740,745,0,2,114800,0
27,57,15246,2298,ROYAL OAK GOLF & COUNTRY CLUB,3,3,166640,46000,1,0,0,0,5,225000,0
17,56,8276,1922,ROYAL OAK GOLF & COUNTRY CLUB,3,3,165040,38000,1,0,0,0,3,192000,0
22,38,10019,1868,ROYAL OAK GOLF & COUNTRY CLUB,4,3,159240,38000,1,0,0,0,10,206000,1
32,56,14810,1575,ROYAL OAK GOLF & COUNTRY CLUB,3,3,111370,38000,1,0,0,0,4,130000,0
22,62,7841,1264,INDIAN RIVER HEIGHTS UNIT 4 LO,3,2,110120,36000,1,0,0,0,5,142500,0
28,28,7473,1760,SOUTH POINTE UNIT 4 25/28 LOT,3,2,161879,33000,1,1000,0,1000,3,182000,0
35,35,8716,1543,SOUTH POINTE UNIT 2 16/66 LOT,3,2,148979,33000,1,0,0,12716,7,230000,0
30,70,16985,1067,SOUTH FLORIDA SHORES S/51 LOT,3,3,130254,35000,1,5000,0,5250,5,177000,0
52,64,10124,1295,ORANGE BLOSSOM TERRACE FIRST A,3,3,108164,33000,1,0,0,2500,0,90000,1
62,65,8891,1232,CASTLE VILLA V/70 LOT 3,3,3,75595,30000,1,0,0,0,1,130000,0
35,35,10126,1268,ORANGE BLOSSOM TERRACE FIRST A,4,3,132065,33000,1,0,0,1300,6,175000,0
52,67,14665,1235,PLAN OF BLK 1 PROSPER COLONY D,3,3,108766,33000,1,0,0,3000,2,90000,0
62,65,8832,1960,CASTLE VILLA V/70 LOT 19 (LESS,3,3,97027,30000,1,0,0,2550,0,120000,1
49,49,10347,1404,ORANGE BLOSSOM TERRACE FIRST A,3,3,122812,33000,1,0,0,5500,5,130000,0
22,22,5510,2472,LAKE GLORIA PRESERVE PHASE 2B,3,2,228677,35000,1,0,0,1000,4,246700,0
52,63,10131,1294,ORANGE BLOSSOM TERRACE R/144 L,3,3,114869,33000,1,0,0,2000,4,156000,0
17,17,6014,2119,LAKE GLORIA SHORES 55/13 LOT 6,3,3,205733,25000,1,0,0,0,7,243500,0
52,69,10131,2134,ORANGE BLOSSOM TERRACE R/144 L,3,3,164518,33000,1,0,0,1000,4,125100,0
52,68,10131,1134,ORANGE BLOSSOM TERRACE R/144 L,3,3,98400,33000,1,0,0,1770,9,209000,0
49,49,7495,1968,BONNIE BROOK UNIT 1 2/122 LOT,3,2,146994,35000,1,0,0,2000,1,155000,0
54,54,9413,1722,OAK HILL MANOR 2/39 LOT 38,3,3,132929,33000,1,0,0,2500,6,242600,0
49,49,8494,1944,BONNIE BROOK UNIT 1 2/122 LOT,3,2,149128,35000,1,0,0,5475,3,217500,0
52,67,10131,1017,ORANGE BLOSSOM TERRACE R/144 L,3,3,93505,33000,1,0,0,3440,5,175000,0
50,50,15571,1952,ALANDALE SUB S/133 LOT 13,3,3,151522,35000,1,0,0,1500,1,168500,0
62,63,15346,1563,ELMERS ADDITION V/61 LOT 93 (L,3,3,92944,30000,1,0,0,5100,4,160200,0
25,25,8904,1409,J A WILKS SUB F/79 LOT 17,3,3,175125,57000,1,0,0,2000,2,224000,1
44,49,8227,1397,GRAHAM GARDENS V/128 LOT 6 BLK,3,3,162395,65000,1,0,0,2000,1,218000,0
50,50,7672,1695,BONNIE BROOK UNIT 1 2/122 LOT,3,2,125979,35000,1,0,0,0,0,132000,1
62,65,14698,1457,ELMERS ADDITION V/61 LOT 115 S,3,3,83154,35000,1,0,0,2400,5,195000,0
47,53,5100,1271,BEACON SQUARE UNIT 11-B PB 9 P,0,3,83700,10200,1,0,0,54,6,130500,0
50,50,5100,1378,BEACON SQUARE UNIT 21-A PB 10,0,3,90203,10200,1,0,0,1461,3,122000,0
50,50,5100,1112,BEACON SQUARE UNIT 21-A PB 10,0,3,73390,10200,1,0,0,412,6,120000,0
54,54,5239,1206,BEACON SQUARE 10A MB9-63 LOT 1,0,3,70536,10478,1,0,0,248,0,43000,1
48,48,8881,1436,BEACON SQ UNIT 21 C 1ST ADD MB,0,3,107383,12807,1,0,0,8921,2,106900,0
39,39,7820,2046,FAIRWAY SPRINGS UNIT 3 PB 21 P,0,4,189392,24503,1,0,0,782,5,240000,0
47,54,5950,1148,BEACON SQUARE UNIT 10-A PB 9 P,0,3,82634,11900,1,0,0,736,0,69300,1
53,53,5100,1126,BEACON SQUARE UNIT 11-C PB 9 P,0,3,70427,10200,1,0,0,107,0,69000,1
47,52,5100,1140,BEACON SQUARE UNIT 14-B PB 9 P,0,3,79134,10200,1,0,0,745,4,128000,0
50,54,6090,1421,BEACON SQUARE 10A PB 9 PG 63 L,0,3,93444,12025,1,0,0,426,3,80000,0
53,53,5100,1506,BEACON SQUARE UNIT 11-C PB 9 P,0,3,92685,10200,1,0,0,1305,4,134100,0
53,53,5100,1320,BEACON SQUARE UNIT 11-C PB 9 P,0,3,80412,10200,1,0,0,411,4,122500,0
52,52,5440,1188,BEACON SQUARE UNIT 14-C PB 9 P,0,3,81732,10880,1,0,0,6383,3,168600,0
49,49,5100,1637,BEACON SQUARE UNIT 22 PB 11 PG,0,3,107081,10200,1,0,0,3222,1,170000,0
43,43,22490,2424,ISLAND GROVE ADDITION TO LAKE,0,4,229811,43622,1,0,0,2711,4,171200,0
54,54,5544,1020,BEACON SQUARE 10A PB 9 PG 63 L,0,3,60745,11088,1,0,0,99,0,50000,1
54,54,5340,1467,BEACON SQUARE UNIT 10-A PB 9 P,0,3,87722,10680,1,0,0,739,1,80000,0
47,50,5950,1987,BEACON SQUARE UNIT 21-B PB 11,0,3,134635,11900,1,0,0,428,3,178000,0
48,48,5100,1846,BEACON SQUARE UNIT 22 PB 11 PG,0,3,121951,10200,1,0,0,593,4,176000,0
52,52,5544,1319,BEACON SQUARE UNIT 14-C PB 9 P,0,3,83239,11088,1,0,0,573,5,149900,0
15,15,5950,1844,BEACON SQUARE UNIT 22 PB 11 PG,0,3,164951,20528,1,0,0,1432,4,180000,0
6,6,10265,3577,CONNERTON VILLAGE TWO PARCEL 2,0,3,344321,40619,1,0,0,1382,1,395000,1
16,16,7277,2211,HIGHLANDS PHASE ONE PB 51 PG 0,0,3,176629,20362,1,0,0,1071,2,176100,0
29,29,16926,2819,FAIRWAY OAKS UNIT FIVE PB 29 P,0,3,227248,31485,1,0,0,8453,0,70000,1
17,17,5500,2226,HIGHLANDS PHASE ONE PB 51 PG 0,0,3,173433,17050,1,0,0,1606,0,150000,1
50,50,10125,1201,BASS LAKE ACRES R/P PB 6 PG 78,0,4,79578,8910,1,0,0,658,6,136000,0
25,25,11732,2875,FAIRWAY OAKS UNIT SIX PB 30 PG,0,3,224378,31745,1,0,0,7819,3,315000,0
14,14,16070,1735,HIGHLAND RIDGE PB 60 PG 054 LO,0,3,120403,22900,1,0,0,1719,0,141400,1
8,8,6655,2083,CONNERTON VILLAGE TWO PARCEL 2,0,3,197496,32942,1,0,0,1277,3,254000,1
33,33,10469,1935,FAIRWAY OAKS UNIT ONE-B PB 27,0,3,156556,27159,1,0,0,714,2,149000,0
65,65,16500,1666,BASS LAKE ESTATES 1ST SECTION,0,4,83236,14850,1,0,0,1621,5,158000,0
43,43,16232,1378,BASS LAKE ESTATES FIRST ADDN P,0,4,69680,12454,1,0,0,2632,2,55000,0
48,48,39000,2026,HIGHLAND ESTS B 6 PG 55 LOTS 3,0,2,100986,27300,1,0,0,1928,6,185000,0
31,31,11050,2486,FAIRWAY OAKS UNIT THREE-A PB 2,0,3,205599,31289,1,0,0,12668,2,299900,0
10,10,12707,3720,SEVEN OAKS PARCEL S-2 PB 64 PG,0,4,463828,78314,1,0,0,19216,1,495000,1
14,14,6600,2384,HIGHLANDS PHASE TWO PB 61 PG 1,0,3,197134,26070,1,0,0,2741,9,204500,0
10,10,11099,3872,SEVEN OAKS PARCEL S-2 PB 64 PG,0,4,480257,77076,1,0,0,21916,3,550000,1
33,33,7476,1537,NATURES HIDEAWAY PHASE III PB,0,4,177326,32764,1,0,0,8951,3,217000,1
17,17,6835,2574,TRINITY WEST PB 45 PG 135 LOT,0,4,268792,44525,1,0,0,13126,3,323900,0
16,16,11328,3528,ASHLEY LAKES PHASE 1 PB 48 PG,0,3,337232,28385,1,0,0,17232,0,348000,0
26,61,6961,1206,ORANGE BLOSSOM,3,3,186924,85792,1,0,0,0,4,234500,0
47,65,5998,1064,SEMINOLE GARDENS,3,2,108409,71618,1,0,0,780,0,125000,0
32,66,5998,1027,SEMINOLE GARDENS,3,2,132944,72153,1,0,0,0,6,194000,0
39,69,6408,2335,SEMINOLE RIDGE SUB,3,2,170343,78937,1,0,0,0,1,194000,0
38,62,7000,1188,ORANGE BLOSSOM,3,3,150794,84757,1,0,0,2216,2,103800,0
32,67,6386,1118,SEMINOLE RIDGE 1ST ADD,3,2,140576,76607,1,0,0,0,5,184900,0
26,65,7501,1340,ORANGE BLOSSOM,3,3,207974,91255,1,0,0,11246,2,250000,0
53,63,5998,791,SEMINOLE GARDENS,3,2,96392,71472,1,0,0,0,4,154500,0
22,45,8259,1409,SUN GLOW SUB,3,3,205682,89115,1,0,0,1802,4,249900,0
39,48,7222,1536,TOWN AND COUNTRY ESTATES,3,3,175999,87353,1,0,0,11683,0,175200,1
21,51,7349,1795,TOWN AND COUNTRY ESTATES,3,3,271334,107085,1,0,0,15458,3,349900,0
32,50,7575,1684,DEL PRADO IMPERIAL UNIT 2,3,3,229345,112006,1,0,0,18202,1,280000,0
21,47,6991,1366,ORANGEWOOD HIGHLANDS,3,3,247771,115015,1,0,0,17160,2,190000,0
19,43,10515,2012,ORANGEWOOD HIGHLANDS,3,3,309699,118686,1,0,0,12468,5,376000,0
37,42,8028,1890,SEMINOLE GROVE ESTATES,3,3,198886,90748,1,0,0,0,9,204900,0
36,36,15381,2182,CIMARRON SUB,3,3,232039,135317,1,0,29188,12360,2,250000,0
21,46,6599,1653,ORANGEWOOD HIGHLANDS,3,3,255428,105862,1,0,0,12000,5,330000,0
33,50,8372,1803,DEL PRADO IMPERIAL UNIT 2,3,3,224742,116964,1,0,0,648,4,315000,0
42,54,10136,1944,BAY HILLS SUB 1ST ADD,3,3,223385,125535,1,3717,0,15244,2,379900,0
37,42,11199,2671,CENTURY OAKS,3,3,284851,129606,1,0,0,17113,3,330100,0
26,69,8965,1179,BAYVIEW ESTATES,3,3,191256,96332,1,0,0,0,5,250000,0
21,39,5205,1469,TIMBERLANE SUBDIVISION UNIT NO,3,3,161931,33430,1,0,0,0,3,223000,0
14,38,10929,1539,TIMBERLANE SUBDIVISION UNIT NO,3,3,200504,34598,1,12277,0,14484,4,225000,0
13,37,4746,1316,TIMBERLANE SUBDIVISION UNIT NO,3,3,169599,27966,1,26513,0,572,4,225000,0
12,32,4422,1196,TIMBERLANE SUBDIVISION UNIT NO,3,3,171802,25816,1,25606,0,538,4,205000,0
20,36,4776,1752,TIMBERLANE SUBDIVISION UNIT NO,3,3,184104,30033,1,0,0,2101,4,166000,0
18,34,4882,1386,TIMBERLANE SUBDIVISION UNIT NO,3,3,155930,29028,1,0,0,0,5,200000,0
18,34,4799,1131,TIMBERLANE SUBDIVISION UNIT NO,3,3,133201,30502,1,0,0,0,2,137500,0
19,35,4023,1252,TIMBERLANE SUBDIVISION UNIT NO,3,3,139745,25816,1,0,0,0,3,185000,0
21,63,7042,650,SUNRAY ESTATES UNIT NO 1,3,3,104499,40320,1,28362,0,633,5,157000,0
22,40,4941,1145,TIMBERLANE SUBDIVISION UNIT NO,3,3,137050,29250,1,0,0,5800,7,144000,0
14,40,7961,995,TIMBERLANE SUBDIVISION UNIT NO,3,3,136705,29250,1,25851,0,0,4,200000,0
19,56,7890,1664,GOLFWOOD ESTATES UNIT NO 04,3,3,227077,39200,1,27397,0,463,5,242000,0
33,63,7380,2490,ROCKY POINT VILLAGE UNIT NO 2,3,3,239422,36902,1,81049,0,0,3,240000,0
28,54,11052,1418,TOWN'N COUNTRY PARK UNIT NO 24,3,3,200702,59875,1,0,0,18105,5,240000,0
28,52,7375,1272,TOWN'N COUNTRY PARK UNIT NO 29,3,3,153734,44460,1,0,0,0,2,226500,0
30,58,7641,1139,GOLDEN ESTATES 1ST ADDITION,3,3,139758,42750,1,0,0,2316,0,127000,1
19,56,7678,1650,TOWN'N COUNTRY PARK UNIT NO 17,3,3,171572,45608,1,27645,0,0,7,222500,0
29,55,6890,1749,NORTHWEST PARK UNIT NO 1,3,3,186612,43200,1,0,0,0,5,235000,0
28,53,10116,1359,TOWN'N COUNTRY PARK UNIT NO 24,3,3,176745,57600,1,0,0,661,2,210000,0
10,52,6552,1339,NORTHWEST PARK UNIT NO 2,3,3,194448,42000,1,54223,0,0,3,238000,0
30,58,8057,1927,TOWN'N COUNTRY PARK UNIT NO 11,3,3,173938,49500,1,0,0,7280,3,210100,0
29,55,6259,1880,CRESTRIDGE SUBDIVISION THIRD A,3,3,168998,44238,1,0,0,2626,2,180000,0
29,55,13485,1452,NORTHWEST PARK UNIT NO 1,3,3,183090,61286,1,0,0,0,3,140500,0
28,53,8244,1777,BAY CREST PARK UNIT NO 12,3,3,296359,165600,1,0,0,2131,2,280000,0
28,54,8183,2151,BAY CREST PARK UNIT NO 12,3,3,316283,154560,1,0,0,941,1,312500,0
29,55,8110,1765,BAY CREST PARK UNIT NO 12,3,3,291299,165600,1,0,0,0,1,290000,0
33,63,6566,2258,TOWN'N COUNTRY PARK UNIT NO 01,3,3,199177,35000,1,2783,11758,0,3,200000,0
33,63,6188,1422,TOWN'N COUNTRY PARK UNIT NO 01,3,3,86389,32825,1,1659,41731,2101,0,120000,0
31,59,6881,1297,TOWN'N COUNTRY PARK UNIT NO 06,3,3,139398,36000,1,0,0,0,5,230000,0
47,62,5950,1277,TOWN'N COUNTRY PARK UNIT NO 04,3,3,113084,31310,1,493,0,493,3,145000,1
17,51,7973,2292,BAY CREST PARK UNIT NO 21,3,3,235572,47250,1,21174,26323,399,7,271500,0
30,57,7363,2428,BAY CREST PARK UNIT NO 10-A,3,3,361097,154468,1,9718,0,30997,3,450000,0
30,56,7938,2301,BAY CREST PARK UNIT NO 11,3,3,354653,165600,1,0,0,19115,5,356000,0
28,54,7022,2137,BAY CREST PARK UNIT NO 14,3,3,182980,100,1,0,0,0,-6,206000,1
22,41,3159,1156,ROCKPOINTE PATIO HOMES,4,3,100787,9573,1,0,0,5059,2,134900,0
32,60,8366,1983,BAY CREST PARK UNIT NO 02,3,3,207852,46200,1,0,0,17160,6,299900,0
31,59,10059,1665,BAY CREST PARK UNIT NO 03,4,3,160756,53552,1,1097,0,0,3,1662300,0
26,26,10625,1269,PORT ST LUCIE-SECTION 12- BLK,3,4,167600,49900,1,0,0,0,1,159900,0
32,32,11844,1468,PORT ST LUCIE-SECTION 12- BLK,5,4,163000,53800,1,0,0,1200,2,193500,0
38,38,10000,1494,PORT ST LUCIE-SECTION 12- BLK,3,4,168600,48000,1,0,0,1200,4,245000,0
38,38,10000,1352,PORT ST LUCIE-SECTION 11- BLK,3,4,183000,48000,1,0,0,17900,8,249000,0
7,7,10000,2274,PORT ST LUCIE-SECTION 11- BLK,3,4,243400,48000,1,0,0,1200,4,269900,0
16,16,10000,1895,PORT ST LUCIE-SECTION 13- BLK,3,5,199600,48000,1,0,0,100,0,240000,0
30,30,10000,1352,PORT ST LUCIE-SECTION 13- BLK,4,4,157900,48000,1,0,0,16200,8,242500,0
32,32,10000,1174,PORT ST LUCIE-SECTION 13- BLK,4,4,143000,48000,1,0,0,0,4,124000,1
31,31,10000,1435,PORT ST LUCIE-SECTION 13- BLK,3,4,160900,48000,1,0,0,1500,5,215000,0
38,38,10000,925,PORT ST LUCIE-SECTION 13- BLK,5,4,116500,48000,1,0,0,2000,4,155000,0
41,41,10482,1806,PORT ST LUCIE-SECTION 13- BLK,3,4,170500,49500,1,10100,7544,13700,4,220000,0
41,41,10000,1551,PORT ST LUCIE-SECTION 13- BLK,4,4,149600,48000,1,0,0,1400,2,194000,0
35,35,10000,1452,PORT ST LUCIE-SECTION 13- BLK,4,4,189800,56000,1,0,0,14900,5,244000,0
45,46,10000,974,PORT ST LUCIE-SECTION 13- BLK,5,4,125800,48000,1,0,0,0,0,80000,1
16,16,10000,2028,PORT ST LUCIE-SECTION 14- BLK,3,5,207100,48000,1,0,0,0,2,228000,0
34,34,10000,1306,PORT ST LUCIE-SECTION 13- BLK,3,4,179600,48000,1,0,0,14400,1,155000,0
18,18,10000,1240,PORT ST LUCIE-SECTION 13- BLK,3,4,170600,48000,1,0,0,3000,3,207500,0
18,18,10000,2028,PORT ST LUCIE-SECTION 13- BLK,3,4,189400,48000,1,0,0,0,0,162000,1
38,38,10000,1358,PORT ST LUCIE-SECTION 13- BLK,4,4,151300,48000,1,0,0,15100,2,232000,0
16,16,10000,2117,PORT ST LUCIE-SECTION 17- BLK,3,5,242700,48000,1,0,0,0,9,218000,0
30,30,10125,1332,PORT ST LUCIE-SECTION 16- BLK,4,4,147600,48400,1,4500,0,4500,5,200000,0
22,22,10625,2100,PORT ST LUCIE-SECTION 17- BLK,3,4,201000,49900,1,0,0,2600,2,250000,0
19,19,10000,1678,PORT ST LUCIE-SECTION 18- BLK,4,4,186400,48000,1,3500,380,3500,1,175500,0
33,33,10000,1502,PORT ST LUCIE-SECTION 18- BLK,4,4,155000,48000,1,0,0,2200,7,215000,0
35,35,10000,1360,PORT ST LUCIE-SECTION 18- BLK,3,4,150600,48000,1,0,0,400,4,195000,0
50,50,10000,894,PORT ST LUCIE-SECTION 18- BLK,3,4,130300,48000,1,0,0,0,5,168000,0
46,46,10625,1336,PORT ST LUCIE-SECTION 18- BLK,3,4,109500,41800,1,0,0,0,0,145000,0
38,38,10000,925,PORT ST LUCIE-SECTION 18- BLK,4,4,114200,48000,1,0,0,0,4,140000,0
36,36,10000,1852,PORT ST LUCIE-SECTION 18- BLK,4,4,176300,48000,1,0,0,15700,5,213000,0
32,43,10000,1014,PORT ST LUCIE-SECTION 18- BLK,3,4,147000,48000,1,0,0,3700,2,198000,0
31,31,10000,1152,PORT ST LUCIE-SEC 19- BLK 1941,5,4,152600,48000,1,0,0,0,6,192000,0
30,30,10000,1192,PORT ST LUCIE-SEC 19- BLK 1930,4,4,166200,48000,1,0,0,14800,0,46400,1
19,19,11875,2020,PORT ST LUCIE-SECTION 19- BLK,3,4,211800,53800,1,0,0,17400,0,234000,0
38,38,20625,1238,PORT ST LUCIE-SEC 22- BLK 2006,4,4,165800,81100,1,0,0,1900,2,211900,0
4,4,13125,1827,PORT ST LUCIE-SEC 22- BLK 2012,3,4,212100,57800,1,0,0,0,5,285000,0
18,18,10000,1858,PORT ST LUCIE-SECTION 25- BLK,3,4,200500,48000,1,0,0,16800,5,254000,0
34,34,10000,1384,PORT ST LUCIE-SECTION 25- BLK,4,4,159900,48000,1,0,0,15100,2,168000,0
38,38,10000,1422,PORT ST LUCIE-SECTION 25- BLK,3,4,153700,48000,1,0,0,0,2,200000,0
43,43,10000,1254,PORT ST LUCIE-SECTION 25- BLK,4,4,128400,48000,1,0,0,0,3,136000,0
44,44,10000,1694,PORT ST LUCIE-SECTION 24- BLK,4,4,162800,48000,1,0,0,400,10,219000,0
60,61,5608,1118,MARSHALLS EVERGLADE SUB 2-32 D,2,3,144280,33650,1,0,0,330,0,165000,0
44,54,8398,2149,MELALEUCA GARDENS RESUB 25-10,2,3,332230,62990,1,0,0,1040,6,375000,0
27,28,5665,2153,CHAPEL TRAIL II 112-16 B,2,4,347830,45320,1,0,0,4750,8,100100,0
23,24,4500,1357,CHAPEL TRAIL II 112-16 B,2,4,247600,36000,1,0,0,1940,1,271800,0
29,30,6579,1954,DIMENSIONS NORTH AT CHAPEL TRA,2,3,244630,59210,1,0,0,2060,0,257500,1
43,44,38111,1954,COUNTRY CORNERS 95-25 B,2,3,362520,152440,1,0,0,4320,-5,401000,0
32,56,3280,961,PARADISE MANOR 32-31 B,2,3,153750,13120,1,0,0,800,4,178000,0
28,29,6752,1954,DIMENSIONS NORTH AT CHAPEL TRA,2,3,247000,60770,1,0,0,1360,-1,260000,1
36,37,3900,1288,LA BEAU ACRES FOURTH UNIT,2,3,187140,39000,1,0,0,1300,4,275000,0
79,82,13323,481,21-50-42,4,2,121410,86600,1,0,0,390,2,122500,0
58,59,9608,2047,RIVERLAND VILLAGE SEC ONE,2,3,317550,62450,1,0,0,6250,6,360000,0
37,67,8780,936,TEMPLE TERRACE S/5 LOT 15 BLK,3,3,180903,100000,1,0,0,2000,6,213000,0
26,61,11545,2117,WINTER PARK ESTATES SECTION 5,3,2,299216,120000,1,0,0,14500,8,370000,0
52,67,13569,1475,SUBURBAN HOMES FIRST ADDITION,3,2,109869,42000,1,0,0,0,2,140000,0
63,68,17500,2802,MAITLAND SHORES R/150 LOT 9 BL,3,2,687262,587650,1,0,0,5500,8,765000,0
18,18,11232,3832,FONTAINEBLEAU L/127 LOT 18 & S,3,5,999747,300000,1,0,0,27500,7,1100000,1
37,58,10357,2081,WINTER PARK PINES UNIT 3 Z/40,3,2,324191,165000,1,0,0,13500,5,413800,0
36,36,15748,2937,LAKE WAUNATTA COVE 10/35 LOT 1,3,3,279611,60000,1,0,0,10000,1,185000,0
40,50,9744,2026,WRENWOOD HEIGHTS 3/138 LOT 72,3,2,182466,42000,1,0,0,10940,0,222800,1
57,63,13353,1266,EASTBROOK SUB UNIT NO 2 W/118,3,4,131761,60000,1,0,0,1960,5,205500,0
34,34,14331,2501,LAKE WAUNATTA COVE 10/35 LOT 3,3,3,265725,60000,1,0,0,18500,1,232000,0
62,66,8240,1448,EASTGATE SUB T/127 LOT 14 BLK,3,2,219130,165000,1,0,0,0,10,295000,0
37,37,10147,2331,ALOMA ESTATES 12/28 LOT 52,3,3,228029,55000,1,0,0,1500,1,285000,0
13,13,28826,3973,SICILIAN SHORES O/34 LOT 12 &,3,3,2152259,1170000,1,0,0,13500,4,2350000,0
50,50,11095,2705,ARROWHEAD COVE UNIT 2 3/114 LO,3,5,268555,65000,1,0,0,12600,0,304100,0
47,47,13461,2085,7692/1832 RECORDED WITHOUT LEG,3,1,388915,200000,1,0,0,2500,2,100000,0
49,58,8244,1676,EASTBROOK SUB UNIT 4 Z/51 LOT,3,4,170613,60000,1,0,0,1000,3,231800,0
63,68,8644,1305,LAKE KNOWLES TERRACE 2ND ADD K,3,1,292312,225000,1,0,0,1000,-6,345000,0
55,58,9339,2387,KENILWORTH SHORES SECTION FIVE,3,2,298382,180000,1,0,0,2500,0,340000,1
29,59,9310,2220,KENILWORTH SHORES SECTION FIVE,3,5,414487,180000,1,0,0,15000,6,493000,0
50,50,10540,2437,SHERBROOKE UNIT 2 3/112 LOT 7,3,2,325229,180000,1,0,0,13000,4,525000,0
49,49,10807,2848,GOLFSIDE SECTION THREE 3/143 L,3,2,346092,190000,1,0,0,2000,1,309900,0
39,44,10805,2427,GOLFSIDE SECTION THREE 3/143 L,3,2,362617,190000,1,0,0,7500,4,420000,1
32,52,19318,3613,TIMBERLANE SHORES V/45 LOT 8 B,3,4,1698007,1191600,1,0,0,24000,2,1673700,0
56,60,9585,2561,KENILWORTH SHORES SECTION FIVE,3,2,299541,180000,1,0,0,2500,2,355000,0
36,41,7473,1872,BEL AIRE PINES UNIT 2 9/133 LO,3,4,216900,45000,1,0,0,15360,2,235000,0
52,57,9375,2026,WINTER PARK PINES UNIT 6 Z/144,3,2,272313,165000,1,0,0,5000,0,278000,0
36,41,8111,1925,BEL AIRE PINES UNIT 2 9/133 LO,3,4,219197,45000,1,0,0,3500,5,279000,0
56,65,9746,1587,KENILWORTH SHORES SECTION SEVE,3,2,255142,180000,1,0,0,1000,1,275000,0
36,41,9077,1658,BEL AIRE PINES UNIT 2 9/133 LO,3,4,202378,45000,1,0,0,16340,2,247500,0
42,62,9153,1831,BROOKSHIRE HEIGHTS 1ST ADDITIO,3,5,327550,180000,1,0,0,1000,7,380000,0
34,39,9407,1819,BEL AIRE PINES UNIT 2 9/133 LO,3,4,203298,45000,1,0,0,7440,4,297500,0
36,41,9763,1875,BEL AIRE PINES UNIT 2 9/133 LO,3,4,212437,45000,1,0,0,7940,4,174000,1
82,96,12300,2270,VIRGINIA HEIGHTS REPLAT J/28 L,4,2,384972,320000,1,0,0,5500,4,399000,0
34,64,8301,2147,ALOMA SECTION 1 O/51 LOT 17 BL,3,3,332483,155000,1,90434,0,1000,8,385000,0
57,69,9283,1633,KENILWORTH SHORES SECTION SEVE,3,2,268824,175000,1,0,0,16540,3,319900,0
39,39,6557,1094,CORONATION ADDITION 11/26 LOT,3,3,96423,40000,1,0,0,0,1,140000,0
54,57,11326,2642,BROOKSHIRE HEIGHTS 4TH ADDITIO,3,2,321081,180000,1,0,0,3000,5,532200,0
12,62,10615,2453,SOUTH LAKEMONT SHORES U/70 LOT,3,1,356275,160000,1,0,0,2665,3,425000,1
69,69,96818,1883,LEAWOOD FIRST ADDITION S/122 L,3,4,105369,76000,1,0,0,2000,4,170500,0
7,7,5735,3389,LOT 21 PH 1 SHIPWATCH PB 8-46,0,4,906579,269599,1,0,0,19800,10,1125000,0
47,56,19994,1324,LOT 6  BLK B  LAIRD'S  S/D,0,3,71526,26991,1,0,0,0,5,100100,1
19,82,13764,1790,33 5 13 ORB 1161 P 905,0,4,99700,5060,1,724,0,1180,9,125000,0
10,66,13547,918,33 5 13 ORB 1159 P 529,0,3,57516,5335,1,0,0,2078,4,79900,0
30,55,16325,1908,N 120 FT OF S 270 FT OF E 250,3,3,110847,20918,1,0,0,0,3,145200,0
10,14,5500,2457,KINGSWAY PHASE 2,3,3,192124,32972,1,0,3339,570,4,223000,0
13,33,59612,4830,KENNEDY HILL SUBDIVISION,3,3,371784,53978,1,18131,1995,42203,6,425000,0
14,22,8068,2509,LAKE SHORE RANCH PHASE II B,3,3,175462,24552,1,7218,0,972,5,216500,0
17,45,9591,1928,BRANDON LAKES,3,3,176147,40884,1,31493,1757,14885,8,230000,0
14,36,18181,1896,THE WILLOWS UNIT NO 1,3,3,162458,35644,1,32708,0,0,2,175000,0
24,42,11093,2290,BRANDON GROVES SECTION ONE,3,3,186609,48671,1,0,0,8765,3,169000,0
12,19,8506,2189,OAKS AT VALRICO,3,3,180532,43768,1,0,0,0,9,230000,0
28,52,9102,2395,BRANDA VISTA SUBDIVISION UNIT,3,3,175119,25245,1,0,0,0,4,222500,0
18,48,7501,1167,HIGH VIEW TERRACE,3,3,112816,27472,1,23569,0,908,3,145000,0
22,40,8755,1893,LAKEMONT UNIT NO 5,3,3,142722,35456,1,0,0,0,1,205700,0
13,21,6320,1607,LAKE SHORE RANCH PHASE III,3,3,130490,25139,1,0,0,0,5,179000,0
24,44,8687,1959,BRANDON LAKES,3,3,142685,37145,1,0,0,0,4,174900,0
20,34,6687,1513,THE WILLOWS UNIT NO 2,3,3,118625,28040,1,0,0,0,0,120000,1
12,19,10205,2908,OAKS AT VALRICO,3,3,240943,47058,1,0,0,20372,4,295000,0
22,40,14202,2483,LAKEMONT UNIT NO 4A,3,3,195523,45636,1,0,0,15352,5,245000,0
26,47,9535,2046,HILLSIDE UNIT NO 06,3,3,135851,26400,1,0,0,0,0,189000,1
15,25,7634,1640,BRENTWOOD HILLS TRACT D E UNIT,3,3,139000,100,1,0,0,0,2,167500,0
14,24,4000,1143,BRENTWOOD HILLS TRACT D E UNIT,3,3,109827,30240,1,5083,0,0,-6,127500,1
17,44,15395,1964,HILLSIDE UNIT NO 06,3,3,180786,38375,1,41024,0,0,4,190000,0
18,30,5792,1232,BRANDON BROOK PHASE II,3,3,117067,30300,1,0,0,1629,5,173500,0
36,66,9603,1597,HILLDALE HEIGHTS OF BRANDON,3,3,112896,18483,1,0,0,2274,0,123000,0
18,47,10101,2045,E 100 FT OF W 587.5 FT OF N 12,3,3,173914,20790,1,26905,0,8269,6,219000,0
25,45,10691,2000,HILLSIDE UNIT NO 07,3,3,146222,32583,1,0,0,0,9,212000,0
16,27,9012,2939,BRANDON BROOK PHASE IX A AND B,3,3,195080,41904,1,0,0,0,1,200000,1
23,66,11444,1625,HILLDALE HEIGHTS OF BRANDON,3,3,146022,20582,1,42017,0,0,3,175000,0
42,74,9375,4216,IDLEWYLD RESUB BLKS 8 TO 11,2,3,2842960,843750,1,0,0,22790,5,2150000,1
25,26,2399,1111,BANYAN OAKRIDGE COMMERCIAL PLA,2,4,175750,33590,1,0,0,1410,3,185000,0
68,69,7150,1041,LAKEWAY ADDITION 30-36 B,2,3,231510,46480,1,0,0,2740,4,299000,0
66,67,8355,848,BROWARD HEIGHTS 31-28 B,2,3,218700,50130,1,0,0,1870,3,243000,0
56,58,7518,1966,ROYAL PALM VISTA 41-12 B,2,3,332040,90220,1,0,0,2710,4,438000,0
45,46,5424,2080,TOWN OF MODELO (DANIA) B-49 D,2,3,257420,21700,1,0,0,4070,2,225000,0
60,61,7539,1534,JACARANDA HEIGHTS 31-31 B,2,3,162110,37700,1,0,0,650,0,165000,0
25,26,10859,2114,TOWN OF MODELO (DANIA) B-49 D,2,4,218500,43440,1,0,0,2250,6,230000,0
46,47,8102,1471,ROSE MANOR 42-16 B,2,3,245390,40510,1,0,0,11580,7,258300,0
37,38,5421,1441,TOWN OF MODELO (DANIA) B-49 D,2,3,190020,21680,1,0,0,1040,6,137500,1
65,66,6321,1574,PEARL ESTATES 40-42 B,2,3,168350,41090,1,0,0,300,3,185000,0
71,72,4592,757,WHITE ACRES 19-33 B,2,3,192210,29850,1,0,0,1250,7,232000,0
60,65,6599,1326,OAK GROVE 27-16 B,2,3,258300,42890,1,0,0,2920,6,287000,0
63,64,7352,1222,RIVERLAND VILLAGE SEC 1-REPLAT,2,3,315000,47790,1,0,0,530,6,350000,0
66,67,8866,1448,FAIRFAX BROLLIAR ADD SEC 2,2,3,237110,57630,1,0,0,290,0,249900,0
62,63,7348,1543,RIVERLAND VILLAGE SEC 1-REPLAT,2,3,292040,47760,1,0,0,9960,6,357000,0
63,64,9316,1378,FAIRFAX BROLLIAR ADD SEC 3,2,3,262630,60550,1,0,0,12960,2,271000,0
18,19,11050,3497,HARBOUR LAKES ESTATES 169-48 B,2,4,570100,99450,1,0,0,13280,9,600100,0
42,43,5683,1733,STONEBRIDGE PHASE 1 91-9 B,2,3,246980,34100,1,0,0,2330,7,380000,0
17,18,11712,3976,SUNSET LAKES PLAT THREE,2,5,575390,105410,1,0,0,2400,9,655000,0
7,23,10303,3396,SUNSET LAKES PLAT ONE 164-34 B,2,5,532820,92730,1,2760,0,12200,8,699000,0
35,36,5914,1877,ROCK CREEK PHASE TWO 104-34 B,2,3,368310,47310,1,0,0,10160,6,425000,0
42,43,11867,2284,STONEBRIDGE PHASE 1 91-9 B,2,3,370750,94940,1,0,0,2420,4,445000,0
27,28,9750,3100,WESTFORK I PLAT 150-43 B,2,4,388120,87750,1,0,0,3260,4,426500,0
21,21,21875,3213,SPRING HILL UNIT 10,2,4,225912,18375,1,0,0,16561,3,235000,0
16,16,26116,3056,SPRING HILL UNIT 10,2,3,209561,21154,1,936,0,2584,5,230000,0
35,43,23795,2985,SPRING HILL UNIT 10,2,3,145828,19988,2,0,0,17424,0,84300,1
36,41,10000,1290,SPRING HILL UNIT 9,2,3,69373,9700,1,0,0,9100,2,125000,0
31,38,10000,2024,SPRING HILL UNIT 9,2,3,102913,9700,1,0,0,3452,6,157000,0
25,34,10000,2634,SPRING HILL UNIT 9,2,3,147976,9700,1,0,0,1546,4,229000,0
38,38,10734,1887,SPRING HILL UNIT 9,2,3,85168,9891,1,0,0,1769,3,125000,1
24,45,10000,1914,SPRING HILL UNIT 9,2,3,103313,9700,1,0,0,1218,4,142000,0
38,42,12925,2388,SPRING HILL UNIT 10,2,3,128869,12892,1,0,0,20674,8,207000,0
15,38,14241,2490,SPRING HILL UNIT 9,2,3,172221,13244,1,0,0,5855,4,184500,0
33,33,10000,2580,SPRING HILL UNIT 9,2,4,128206,9215,1,0,0,984,7,215000,0
43,43,10000,2188,SPRING HILL UNIT 9,2,3,87172,9500,1,0,0,1476,1,60000,0
15,38,14241,2049,SPRING HILL UNIT 9,2,3,130431,13244,1,162,0,11756,6,173500,0
16,37,10000,2063,SPRING HILL UNIT 9,4,3,129934,9700,1,0,0,15940,4,191200,0
22,22,9623,1765,51-75    32-3S-26E  .22,4,3,130119,32000,1,0,0,0,1,137000,1
47,74,8091,1587,19-50    01-3S-26E  .186,4,3,164253,62510,1,0,0,621,3,268000,0
13,13,1831,1518,62-191   35-1N-27E  .04,4,3,112334,19000,1,0,0,0,7,137000,0
14,14,12324,3711,60-182   36-1N-27E  .28,4,3,243866,35000,1,0,0,0,6,245000,0
17,17,8927,3136,56-76    23-1N-27E  .21,4,3,217793,40000,1,0,0,1724,4,275000,0
14,14,8600,1604,61-107   35-1N-27E  .20,4,3,135690,30000,1,0,0,0,3,180000,0
17,17,18368,2403,56-76    23-1N-27E  .42,4,3,192342,40000,1,0,0,7884,5,225000,0
20,20,10380,2585,54-79    35-1N-27E,3,3,200665,32000,1,0,0,18440,0,215000,1
15,15,12461,3110,60-182   36-1N-27E  .29,4,3,178016,35000,1,0,0,0,2,179000,0
16,16,6120,1772,61-123   34-1N-27E  .14,4,3,120089,23000,1,0,0,0,4,122000,0
17,17,10382,2695,56-76    23-1N-27E  .24,4,3,200491,40000,1,0,0,0,4,190000,0
27,27,10350,2194,45-45    35-1N-27E,4,3,163025,30000,1,0,0,1149,3,212000,0
66,66,15178,678,5-6      16-1N-27E  .342,3,2,30233,9576,1,0,0,1161,0,19600,1
7,17,7601,1642,57-30    35-1N-27E  .17,4,3,146574,30000,1,0,0,2423,6,176000,0
14,14,13066,2121,60-177   36-1N-27E  .30,4,3,145783,20000,1,0,0,0,0,154200,1
17,17,8478,1995,57-30    35-1N-27E   .19,4,3,152995,30000,1,13937,0,0,5,175000,0
18,18,18020,2675,55-96    23-1N-27E  .41,4,3,202254,40000,1,0,0,1772,4,229900,0
17,17,10742,3006,57-48    26-1N-27E  .25,4,3,230985,40000,1,0,0,15397,5,287000,0
15,15,6710,1870,60-90    36-1N-27E  .15,4,3,147585,35000,1,0,0,0,4,197000,0
19,19,21881,2503,54-65    34-1N-27E  .50,4,3,224577,65000,1,0,0,9408,6,209000,0
33,58,8463,820,LOT 1 & THE S 1/2 OF LOT 2 BLK,3,2,79200,29100,1,0,0,0,10,122000,0
5,5,11580,2610,"LOT 1, COTTAGES OF CURRY CREEK",3,4,485000,107600,1,422,0,48600,0,610000,1
52,61,9580,1330,LOT 2 BLK 8 MOBILE CITY ESTATE,4,2,79100,31200,1,0,0,0,0,65000,1
27,65,5642,861,LOT 4 BLK 50 VENICE BY WAY,4,2,92500,24300,1,4934,0,0,0,65000,0
33,63,15772,2289,LOT 15 AMENDED PLAT OF ADD TO,3,2,301600,134900,1,0,0,11200,5,276600,0
49,64,5250,964,LOT 103 NOKOMIS MANOR NATURES,4,2,62900,17500,1,0,0,0,0,70000,1
14,16,13411,3274,"LOT 2 CECILIA COURT, CONTAININ",3,3,442200,89800,1,0,0,0,5,365000,0
17,22,9311,2147,LOT 85 VENICE PALMS PHASE 1,3,4,275500,95300,1,0,0,24400,4,330000,0
11,11,7231,1973,"LOT 1, VERONA RESERVE",3,4,220200,65300,1,0,0,5400,0,292000,0
17,32,6247,2025,LOT 485 PATIO HOMES OF CHESTNU,3,3,231400,71900,1,0,0,0,8,282500,0
17,62,9615,1385,LOT 1052 VENICE GARDENS UNIT 2,3,2,158000,44700,1,25546,0,0,3,210000,0
19,34,10000,1472,LOTS 13050 13051 & N 1/2 OF LO,4,3,154300,32400,1,0,0,300,0,116200,1
32,58,11025,1396,LOT 777 VENICE GARDENS UNIT 14,3,2,133800,42100,1,0,0,0,4,155000,0
37,53,10871,1798,LOT 624 VENICE GARDENS UNIT 10,3,2,158400,55400,1,0,0,6400,1,92000,1
32,63,9683,1648,LOT 88 VENICE GARDENS UNIT 2,3,2,146700,40300,1,5329,0,0,5,140000,0
37,57,8580,1554,LOT 377 VENICE GARDENS UNIT 6,3,2,134600,43000,1,0,0,1400,2,172000,0
36,46,8750,1799,LOT 1293 VENICE GARDENS UNIT 1,3,3,179900,49300,1,0,0,21100,0,20000,1
42,58,12100,1595,LOT 1528 VENICE GARDENS UNIT 2,3,2,138000,43600,1,0,0,19100,0,155000,1
42,61,9900,1456,LOT 1270 VENICE GARDENS UNIT 1,3,2,113900,45100,1,0,0,0,4,140500,0
42,58,10000,1318,LOT 1004 VENICE GARDENS UNIT 2,3,2,100200,36700,1,0,0,0,2,188000,0
37,47,11050,2021,LOT 33046 VENICE GARDENS UNIT,3,3,142900,50900,1,0,0,0,1,195000,0
32,66,8000,1536,LOTS 15114 & 15115 SOUTH VENIC,3,2,120100,29200,1,0,0,0,0,110000,1
35,45,10000,1948,LOT 33198 VENICE GARDENS UNIT,3,3,174500,63900,1,0,0,15100,-10,205000,1
18,38,16737,1613,LOT 66 MEADOW RUN AT JACARANDA,4,3,212200,68500,1,0,0,30300,1,271500,0
19,49,8000,1384,"LOTS 3481 & 3482, SOUTH VENICE",3,2,145700,33600,1,42919,0,0,3,125000,0
16,31,8000,2158,LOT 498 & S 1/2 OF 497 ALSO N,3,3,220600,46400,1,1939,0,22800,2,241800,1
18,33,8000,1595,LOTS 19062 & 19063 SOUTH VENIC,4,3,183400,33600,1,0,0,0,6,179000,0
15,25,10000,2202,LOTS 626 627 & S 1/2 OF LOT 62,3,3,208100,44900,1,8928,0,8000,0,88600,1
10,10,4621,1728,"LOT 4366, VENTURA VILLAGE UNIT",3,4,178000,44600,1,0,0,0,2,229000,1
32,37,8000,1244,LOTS 13715 & 13716 SOUTH VENIC,4,3,121600,33600,1,0,0,0,1,149000,0
20,45,8000,1330,LOTS 17811 & 17812 SOUTH VENIC,3,3,151100,33600,1,0,0,0,2,172500,0
29,39,8000,1094,LOTS 13514 & 13515 SOUTH VENIC,3,2,111300,33600,1,0,0,900,6,100000,1
26,46,9600,1604,LOT 22 BLK 14 VENICE EAST SEC,3,3,150000,48100,1,0,0,0,-8,182600,0
40,45,10000,1823,LOTS 7948 7949 & N 1/2 OF LOT,3,3,127500,36000,1,0,0,600,2,165000,0
25,40,8000,871,LOTS 11790 & 11791 SOUTH VENIC,4,3,118800,32000,1,0,0,17000,7,140000,0
17,22,9000,1538,LOT 29 BLK 39 VENICE EAST 3RD,3,3,181600,46800,1,0,0,5500,1,193000,0
37,82,13337,1315,"LOT 8907 & PART OF LOTS 8908,",4,2,101900,42700,1,0,0,1400,0,72500,1
26,51,8000,1441,LOTS 1246 & 1247 SOUTH VENICE,3,2,132600,33600,1,7117,0,0,3,112000,0
13,48,11476,1328,LOT 6 BLK 29 VENICE EAST 4TH A,3,2,150400,52000,1,0,0,0,1,195000,0
21,36,12000,1556,LOTS 9695 9696 & 9697 SOUTH VE,3,3,187800,40000,1,0,0,16600,3,219600,0
41,46,10974,1702,LOTS 17746 17747 & S 13 FT OF,3,3,158500,34600,1,0,0,35400,3,159000,1
19,49,8000,1528,LOTS 17256 & 17257 SOUTH VENIC,3,2,158400,33600,1,30422,0,1100,3,153000,0
23,63,18000,1200,LOT 15 & TH ADJ 1/2 OF LOT 14,4,2,119400,36800,1,6016,0,800,0,43000,0
14,16,6773,2217,"LOT 1346, STONEYBROOK AT VENIC",3,4,239100,66000,1,0,0,0,4,269200,0
4,4,6303,1794,"LOT 1239, GRAN PARADISO PH 5-B",3,3,188900,45600,1,143300,0,0,4,260000,0
17,22,258019,4183,"LOT 32, DESC AS COM AT SE COR",3,4,468800,80200,1,0,0,39600,9,590000,0
14,16,5267,1746,"LOT 131, ISLANDWALK AT THE WES",3,4,184000,35100,1,0,0,0,-5,249000,0
8,8,5142,1789,"LOT 217, GRAN PARADISO, PHASE",3,3,181200,43300,1,0,0,3500,4,255000,0
32,37,15809,6345,LOT 72 ENGLEWOOD ISLES UNIT 5,4,4,348700,70200,1,0,0,40600,0,300000,1
20,25,11441,2094,LOT 4 BLK B PINE LAKE DEVELOPM,3,3,218000,20600,1,12136,0,23300,2,260000,0
28,43,24653,3830,THAT PART OF FOLLOWING PARCEL,4,4,756700,375600,1,0,0,14400,0,925000,1
36,46,20000,1743,"LOT 64, ARTIST ACRES",3,3,188500,48400,1,0,0,39100,0,65000,1
37,42,39655,2045,BEG AT A PT 3528.09 FT W & 255,4,3,158600,71800,1,0,0,300,0,87500,1
41,46,200888,4627,BEG AT SW COR TRACT 74 TH N 89,3,4,259900,124000,1,0,0,10700,5,203800,0
16,56,13940,1168,LOT 5 LESS E 100 FT THEREOF &,3,2,122500,23100,1,32827,0,0,5,191500,0
28,48,44850,1429,"LOTS 5, 6, 19, 20, 21 & 22, BL",3,2,191500,98300,1,6985,0,0,0,115000,1
14,17,10000,1492,"LOT 31, BLK 906, 20TH ADD TO P",3,3,136800,9200,1,0,0,0,2,163000,0
18,23,10004,1882,LOT 9 BLK 887 20TH ADD TO PORT,3,3,158900,9500,1,0,0,0,5,145000,0
14,17,14795,2398,LOT 16 BLK 911 20TH ADD TO POR,3,3,202800,10300,1,0,0,0,2,190000,0
26,51,14745,1553,LOTS 1 & 2 BLK C BAYVIEW MANOR,3,3,134000,27100,1,7709,0,0,3,170000,0
18,23,205603,1919,LOT 26 BLK 30 NORTH PORT CHARL,3,3,246900,100000,1,0,0,0,4,289000,0
14,17,10000,1441,LOT 18 BLK 1346 26TH ADD TO PO,3,3,129200,7600,1,0,0,0,0,60000,1
29,39,6406,1173,LOT 21 BLK B BAYVIEW MANOR,3,3,103700,19900,1,0,0,0,4,111000,0
29,39,132858,2450,"LOT 10, BLK 7, NORTH PORT CHAR",3,3,195600,65400,2,0,0,800,4,244500,0
13,18,21612,2707,LOTS 10 & 11 BLK 233 8TH ADD T,3,4,264000,14200,1,0,0,26700,7,340000,0
21,21,5085,1475,LOT 98 THE VILLAGES OF SUMTER,2,3,187670,12000,1,0,0,0,4,210000,1
21,21,6600,1895,LOT 65 THE VILLAGES OF SUMTER,1,3,191300,15580,1,0,0,0,6,215000,0
23,23,3990,1450,LOT 120 THE VILLAGES OF SUMTER,2,3,194060,9420,1,0,0,0,7,210000,0
23,23,6300,1760,LOT 137 THE VILLAGES OF SUMTER,1,3,177390,14870,1,0,0,0,4,219000,0
27,27,12071,2247,LOT 1 THE VILLAGES OF SUMTER U,2,3,272380,55650,1,0,0,0,6,290000,0
10,10,5972,2136,LOT 92 THE VILLAGES OF SUMTER,2,3,313910,40310,1,0,0,0,3,486000,1
25,25,5850,1815,LOT 167 THE VILLAGES OF SUMTER,1,3,181570,13810,1,0,0,0,8,258000,0
18,18,7650,1853,LOT 49 THE VILLAGES OF SUMTER,2,3,222270,27390,1,0,0,0,4,255000,0
19,19,3520,1225,LOT 14 THE VILLAGES OF SUMTER,1,3,110520,10560,1,0,0,0,7,157000,0
17,17,3520,1449,LOT 10 THE VILLAGES OF SUMTER,1,3,163730,10560,1,0,0,0,4,187500,0
18,18,4780,1705,LOT 9 THE VILLAGES OF SUMTER B,2,3,256670,48370,1,0,0,0,1,275900,0
17,17,3520,1423,LOT 74 THE VILLAGES OF SUMTER,1,3,159120,10560,1,0,0,0,3,192000,0
34,34,91912,3118,COMM AT NE COR OF SE 1/4 OF NE,4,4,1486920,1286770,1,0,0,0,4,2100000,1
16,16,7700,2482,LOT 56 THE VILLAGES OF SUMTER,4,3,369280,77920,1,0,0,0,6,530000,0
16,16,7434,1881,LOT 64 THE VILLAGES OF SUMTER,3,3,208520,22300,1,0,0,0,6,234000,0
16,16,7044,1976,LOT 77 THE VILLAGES OF SUMTER,3,3,222810,21130,1,0,0,0,2,272500,0
16,16,4339,1695,LOT 46 THE VILLAGES OF SUMTER,1,3,223340,13020,1,0,0,0,-1,271900,0
15,15,6127,2454,LOT 148 THE VILLAGES OF SUMTER,4,3,302070,18380,1,0,0,0,3,349000,0
16,16,5394,2075,LOT 242 THE VILLAGES OF SUMTER,4,3,242770,16180,1,0,0,0,4,316000,0
17,17,10547,2686,LOT 77 THE VILLAGES OF SUMTER,4,3,337080,31640,1,0,0,0,2,382500,0
17,17,3785,1472,LOT 39 THE VILLAGES OF SUMTER,2,3,200670,11360,1,0,0,0,6,235000,0
17,17,5460,1905,LOT 117 THE VILLAGES OF SUMTER,3,3,207800,16380,1,0,0,0,-3,289900,0
16,16,6221,2453,LOT 62 THE VILLAGES OF SUMTER,4,3,299920,18660,1,0,0,0,4,351000,0
16,16,3752,1449,LOT 87 THE VILLAGES OF SUMTER,1,3,166190,11260,1,0,0,0,1,199900,0
16,16,5206,1913,LOT 64 THE VILLAGES OF SUMTER,3,3,227730,15620,1,0,0,0,3,315000,0
16,16,4310,1695,LOT 54 THE VILLAGES OF SUMTER,1,3,223250,12930,1,0,0,0,4,248900,0
16,16,6345,2430,LOT 123 THE VILLAGES OF SUMTER,3,3,249990,19040,1,0,0,0,2,324000,0
16,16,6694,1891,LOT 115 THE VILLAGES OF SUMTER,4,3,230460,23960,1,0,0,0,1,265000,1
11,11,7841,1843,LOT 86 THE VILLAGES OF SUMTER,3,3,221590,28070,1,0,0,0,4,267500,0
13,13,6660,1812,LOT 22 THE VILLAGES OF SUMTER,3,3,232160,23840,1,0,0,0,2,220000,0
10,10,3920,1457,LOT 78 THE VILLAGES OF SUMTER,4,3,195430,11760,1,0,0,0,-8,224000,0
17,17,6649,1903,LOT 28 THE VILLAGES OF SUMTER,3,3,206210,19950,1,13410,0,0,2,215200,0
12,12,8244,2410,LOT 4 THE VILLAGES OF SUMTER U,4,3,310170,24730,1,0,0,0,3,371000,0
16,16,5526,1389,LOT 46 THE VILLAGES OF SUMTER,1,3,172430,16580,1,0,0,0,5,224000,0
17,17,6731,2337,LOT 196 THE VILLAGES OF SUMTER,4,3,292270,20190,1,0,0,0,2,345000,0
16,16,5460,2208,LOT 109 THE VILLAGES OF SUMTER,3,3,226230,16380,1,0,0,0,5,325000,0
14,14,7672,2500,LOT 171 THE VILLAGES OF SUMTER,2,3,350100,51790,1,0,0,0,6,490000,0
14,14,6672,1527,LOT 6 THE VILLAGES OF SUMTER B,2,3,240140,20020,1,0,0,0,0,310000,0
13,13,5400,2365,LOT 132 THE VILLAGES OF SUMTER,4,3,294080,16200,1,0,0,0,11,399900,0
10,10,6786,2415,LOT 2 THE VILLAGES OF SUMTER U,2,3,312210,20360,1,0,0,0,7,410000,0
10,10,3920,1423,LOT 61 THE VILLAGES OF SUMTER,1,3,172270,11760,1,0,0,0,6,200000,1
37,37,1,1248,LOT 1 BLOCK S CONTINENTAL COUN,1,3,53290,15530,1,0,0,0,7,75900,0
5,5,6004,2067,LOT 16 VILLAGE OF FENNEY HYACI,1,4,246060,41430,1,0,0,0,3,259000,1
5,5,10045,2566,LOT 4 VILLAGE OF FENNEY UNIT 1,2,4,306550,30140,1,0,0,9370,6,585000,0
4,4,7262,1929,LOT 34 VILLAGE OF FENNEY UNIT,2,4,221920,21790,1,200130,0,0,5,266000,0
5,5,5716,1982,LOT 48 VILLAGE OF FENNEY UNIT,2,4,220730,17150,1,0,0,0,6,256000,0
5,5,4958,1743,LOT 12 VILLAGE OF FENNEY HONEY,2,4,211580,14870,1,0,0,0,8,249900,0
14,14,45738,2797,THE E 228 FT OF THE FOLLOWING:,1,3,195900,11870,1,1310,16233,1310,4,210000,0
42,42,0,626,A PORT OF LOTS 4 5 6 & 7 BLK 1,2,3,38500,11360,1,0,0,0,0,26000,1
48,48,0,800,W 1/2 OF LOTS 3 & 4 BLK 1 TOWN,3,3,49480,2660,1,0,0,0,6,99900,0
41,41,204296,423,E 1/2 OF SW 1/4 OF NE 1/4 OF S,2,3,67750,37520,1,0,0,0,1,115000,1
18,18,174240,1494,LEG  LOT 4 BLK E BRANNEN FARMS,0,7,103533,10000,1,0,0,2223,3,140000,0
46,78,36590,1702,LEG     .84 ACRES,0,3,46065,5040,1,0,0,700,8,32000,0
19,43,101930,2802,LEG  2.34 ACRES,0,3,112527,5850,1,0,0,5752,3,110500,0
5,13,91476,2119,LEG  00002.10 ACRES,0,7,131503,6300,1,0,0,675,4,165000,0
24,71,6351,1078,PASADENA GARDENS,4,3,162701,74463,1,0,0,0,5,199000,0
39,54,5828,1193,PASADENA HEIGHTS,3,3,131319,65292,1,606,0,0,1,170000,0
24,68,7061,1093,ROBBINS SUB,4,3,133397,44817,1,30930,0,0,2,155000,0
23,23,6146,1512,RIDGEWOOD TERRACE,3,3,125964,13677,1,0,0,0,1,110200,0
29,34,5602,1110,SUNNY SLOPE SUB,3,2,91570,18213,1,0,0,0,0,78000,1
49,68,5619,1007,GULF GROVE,3,3,81578,41987,1,0,0,0,0,104000,0
29,70,5998,1071,PARK VIEW HEIGHTS,3,3,161130,78924,1,2068,0,2878,5,165000,0
34,99,3960,682,ROGERS-SCOTT SUB,4,2,101903,57439,1,23621,0,0,0,39000,1
24,51,5624,998,SUNNY SLOPE SUB,3,3,103740,13749,1,0,0,0,3,142000,0
34,96,5754,1118,DISSTON PARK,4,2,73654,12666,1,0,0,1400,0,75000,0
24,77,3960,878,ROGERS-SCOTT SUB,4,3,142767,57445,1,49972,23234,1710,7,189000,0
29,65,6861,1154,PASADENA ESTATES SEC D,4,3,173613,87743,1,0,0,2861,0,210000,0
49,76,13390,1153,PASADENA ESTATES SEC H,3,3,170668,123600,1,0,0,0,0,100000,1
49,73,6695,843,PASADENA ESTATES SEC H,3,3,105524,73909,1,0,0,0,0,129000,0
44,67,4770,734,PASADENA HEIGHTS,4,2,88361,54731,1,0,0,0,0,87000,0
44,69,6373,781,"RICHARDSON'S, W. E.",4,2,46596,13748,1,0,0,0,0,27000,1
29,70,5541,1291,"RICHARDSON'S, W. E.",4,3,113653,16173,1,0,0,1100,5,37000,0
34,45,5624,1064,DOWLING-MCNAB'S REPLAT,3,2,79466,17308,1,0,0,0,2,95600,0
39,70,6691,868,PASADENA ESTATES SEC H,4,3,128175,75732,1,0,0,612,1,145000,0
19,69,7619,1459,PASADENA ESTATES SEC C,4,3,214648,92614,1,75401,0,0,0,137000,1
35,35,10576,544,"TANGERINE GARDENS, ROE'S",3,2,42180,19837,1,0,0,1382,0,44500,1
39,73,6251,980,DOWLING-MCNAB'S REPLAT,4,2,65656,14176,1,0,0,1000,1,75000,0
39,49,6691,1296,PASADENA ESTATES SEC H,3,3,144138,75611,1,0,0,1341,2,117000,0
29,65,6351,1214,PASADENA GARDENS,3,3,180814,72991,1,0,0,26494,-5,240200,0
24,70,8773,996,PASADENA ESTATES SEC F,3,3,199919,99095,1,0,0,10680,7,229000,0
24,35,6660,1292,MOORE'S SUB,3,3,110458,7919,1,0,0,0,5,131000,0
64,94,5449,711,"TANGERINE GARDENS, ROE'S",4,1,30360,12274,1,0,0,2246,1,27100,1
49,63,6547,1031,PASADENA ESTATES SEC H,3,3,104853,66040,1,0,0,0,0,129000,0
44,72,7501,1535,PASADENA ESTATES SEC D,4,3,156479,85989,1,0,0,10940,0,195000,1
39,70,5401,1100,BACK BAY MANOR,3,2,66964,16019,1,0,0,0,2,57100,0
98,98,15255,2875,BEACON HILL PB 9 PG 17 BLK 7 L,0,3,167660,85187,1,0,0,1000,0,149000,0
17,49,13499,2322,N 165 FT OF S 1155 FT OF W 100,0,3,183942,18610,1,0,0,19500,4,220000,0
14,14,8059,2613,MORGAN CREEK PRESERVE PHASE ON,0,3,193222,53000,1,0,0,0,8,244500,0
27,43,12741,2712,FORESTGREEN   PB 66 PG 10 LYIN,0,3,171064,28000,1,0,0,1000,5,193500,0
16,16,8873,2360,TOWNE PARK ESTATES PHASE 1-A P,0,3,164291,35000,1,0,0,500,1,194000,0
22,44,14127,2069,N 100 FT OF S 430 FT OF SW1/4,0,3,146041,18920,1,0,0,1500,6,178000,0
45,45,13499,2031,N 100 FT OF S 430 FT OF E 165,0,3,135059,18610,1,0,0,2500,3,172000,0
17,28,12001,1812,WEST OAKS SUBDIVISION  PB 82 P,0,3,147213,35000,1,0,0,0,5,179000,0
15,15,8664,1998,TOWNE PARK ESTATES PHASE 1-A P,0,3,156169,40000,1,0,0,2500,0,180000,1
12,34,4247,1785,WILDWOOD TWO  PB 80 PG 11 LOT,0,3,124580,24000,1,0,0,1000,4,177500,0
30,30,7379,1420,FAIRFIELD  PB 89 PG 18 LOT 16,0,3,98000,100,1,0,0,0,4,78000,0
17,44,12872,1603,IDLEWOOD SUB   PB 66 PG 11 LOT,0,3,131868,24000,1,0,0,3000,5,165000,0
36,36,4217,1504,WILDWOOD TWO  PB 80 PG 11 LOT,0,3,106848,24000,1,0,0,0,2,150000,0
28,28,4779,1456,PIPKIN VILLAGE PB 97 PG 42 LOT,0,3,82500,100,1,0,0,0,4,147500,0
33,33,4948,2178,COLONNADES PHASE ONE  PB 82 PG,0,3,115471,23000,1,0,0,0,2,158000,0
32,32,6050,2233,COLONNADES PHASE TWO  PB 87 PG,0,3,117797,23000,1,0,0,0,5,157000,0
32,32,4469,2233,COLONNADES PHASE TWO  PB 87 PG,0,3,117797,23000,1,0,0,0,2,174000,0
17,37,7492,1481,WILDWOOD ONE PB 79 PGS 13 & 14,0,3,121352,24000,1,0,0,3500,4,153000,0
39,39,815,1248,TOWNE & COUNTRY SUB  PB 73 PG,0,3,83500,100,1,0,0,0,3,85000,0
43,43,5480,1728,AVON VILLA PB 18 PG 5 BLK 9 LO,0,3,116533,18182,1,0,0,0,3,155000,0
42,59,9444,1550,E 70 FT OF W 750 FT OF S 160 F,0,3,97704,10000,1,0,0,1000,1,124000,0
58,58,9801,1481,E 70 FT N 140 FT OF S 485 FT O,0,3,99518,10000,1,0,0,1000,0,203000,1
17,38,17995,1716,S 90 FT OF N 1262.22 FT OF E 2,0,3,130191,23000,1,0,0,1000,3,162000,0
44,44,12698,1562,SWEETWATER PB 65 PG 3 LOT 47,0,3,113163,23000,1,0,0,500,4,146800,0
7,7,3372,1671,CHELSEA OAKS PHASE TWO  PB 154,0,3,141000,100,1,0,0,0,11,169500,0
17,17,10459,2213,REFLECTIONS WEST PHASE II PB 1,0,3,182217,35000,1,0,0,16740,1,175000,0
6,6,2304,1755,CHELSEA OAKS PHASE TWO-A PB 15,0,3,139500,100,1,0,0,0,2,169900,0
40,77,7108,1953,WELLSWOOD SECTION B,3,3,173844,48204,1,0,0,8089,3,190000,0
22,66,9212,2562,WELLSWOOD SECTION A,3,3,340643,56503,1,0,0,20565,4,305000,0
24,74,16453,2001,WELLSWOOD SECTION A,3,3,305991,89303,1,73927,2189,8727,6,390000,0
42,81,6940,1690,WELLSWOOD SECTION A,4,3,156423,44628,1,0,0,1345,7,300000,0
27,82,6565,1429,ALICE HEIGHTS REVISED MAP,3,3,248836,54080,1,79431,0,4349,4,209000,0
50,97,4897,1149,MEADOWBROOK,4,3,128272,40735,1,0,0,2547,1,155000,0
9,24,6109,1439,SUBURB ROYAL,3,3,274398,61800,1,27974,0,0,4,320000,0
37,71,7217,1513,S 1/2 OF E 75 FT OF W 320 FT O,3,3,192869,65025,1,0,0,1663,6,418500,0
50,96,6084,1264,SUBURB ROYAL,4,3,169190,61800,1,0,0,7611,4,350000,0
12,60,10622,1550,RIVER HEIGHTS,3,3,323703,104160,1,78338,0,1051,0,198000,0
18,100,7471,1427,RIVERSIDE NORTH,4,3,309495,78000,1,127980,24156,11727,7,359000,0
33,63,9825,2122,WEST TAMPA HEIGHTS,3,3,241891,73696,1,0,0,1170,1,275000,0
19,57,6320,1940,RIVERSIDE NORTH,3,3,310871,66300,1,52821,0,785,5,430000,0
58,114,3866,1699,WEST TAMPA HEIGHTS,4,3,90884,33430,2,0,0,0,4,80000,0
24,74,7780,1140,BUFFALO HEIGHTS,4,3,190719,78000,1,0,0,3674,4,186900,0
21,62,8582,1818,RICHARDSON'S VILLAGE SUBDIVISI,3,3,261281,63840,1,66657,0,2560,1,196400,0
52,102,10808,1207,MOREY,4,3,146554,90548,1,2698,0,6093,0,110000,1
20,115,5414,1280,FAIRBURN,4,3,207951,44051,1,0,0,2554,3,269000,0
58,112,8020,1732,FAIRBURN,4,3,145959,72022,1,0,0,0,4,375000,0
10,18,5460,1207,BRYANS SUBDIVISION,3,3,115618,24324,1,0,0,0,4,157000,0
17,98,7091,1817,ROBLES SUBDIVISION NO 2,4,3,252076,30076,1,135703,2388,3230,5,138000,0
31,97,5284,1941,CENTRAL COURT,4,3,244745,47506,1,89344,0,564,5,385000,0
24,74,7032,1983,ROBLES SUBDIVISION NO 2,3,3,204664,30076,1,169434,0,0,7,272900,0
24,74,4371,1037,CENTRAL PARK BLKS 1 2 4 TO 12,4,3,92448,42838,1,0,0,0,0,140000,1
73,97,12604,1121,CENTRAL PARK BLKS 1 2 4 TO 12,4,3,139589,103453,1,0,11653,1910,0,168000,1
54,104,5070,2562,ARLINGTON HEIGHTS,4,3,149615,45900,1,0,0,0,3,187400,0
12,66,4966,1154,ARLINGTON HEIGHTS,4,3,181942,51000,1,36406,0,0,2,282300,0
29,89,4886,949,ARLINGTON HEIGHTS,4,3,171365,51000,1,72450,38127,2798,2,165000,0
8,21,7353,1210,JONES B U,3,3,213650,70472,1,9596,0,2470,5,235000,0
32,99,7504,1804,JONES B U,4,3,274199,74540,1,127995,0,0,9,305900,0
31,97,15806,2170,DEANE'S PERCY,3,3,326048,137052,1,0,0,12750,7,217800,1
50,97,8598,1380,PICKRON SUBDIVISION,4,3,161452,85425,1,0,0,0,0,90000,1
48,93,3538,1094,PICKRON SUBDIVISION,4,3,127691,39220,1,0,0,1910,0,180000,0
34,105,7584,1544,WARREN AND KEYES,4,3,247302,73539,1,35978,0,11828,0,150000,1
38,72,15056,1254,EXCELSIOR,3,3,134974,51000,1,0,0,4259,4,175000,1
13,37,7568,1452,ELDORADO CORRECTED MAP,3,3,229251,74010,1,0,0,0,2,242000,0
17,99,5032,1360,ADAMS PLACE MAP,4,3,244112,53519,1,132495,14472,2388,0,130000,1
18,102,5426,1259,ADAMS PLACE MAP,4,3,235810,54439,1,72261,0,2388,3,295000,0
77,102,5471,1109,ADAMS PLACE MAP,4,3,103292,54439,1,0,0,0,-2,115000,1
26,79,7273,1163,AZALEA GARDENS,3,3,152864,72971,1,0,0,0,5,300000,0
103,103,5004,1337,ARLINGTON HEIGHTS NORTH,4,3,74180,51000,1,0,52467,0,1,152000,0
16,29,4991,1180,GOOD'S ADDITION TO TAMPA,3,3,117848,47212,1,0,0,0,5,207000,0
32,98,4992,1190,ARLINGTON HEIGHTS,4,3,191173,51000,1,33516,0,0,8,239900,0
17,97,4894,1083,ARLINGTON HEIGHTS,4,3,198038,45900,1,0,0,3562,5,256500,0
33,104,4982,1304,ARLINGTON HEIGHTS,4,3,177409,45900,1,28401,0,2865,0,176000,1
15,27,4977,1192,MAC FARLANES REV MAP OF ADDITI,3,3,148195,40800,1,0,0,0,0,155000,1
46,60,4692,1210,COLLINS PHILIP 2ND ADDITION,3,3,123172,49400,1,3515,17563,0,5,180000,0
24,44,2387,1422,HANAN PARK REVISED UNIT NO 1,3,3,211802,20691,1,40699,0,4888,4,267600,0
26,49,10310,1396,BELVEDERE PARK,3,3,195679,76632,1,0,0,0,8,250000,0
19,57,5109,1100,BELVEDERE PARK,3,3,161061,41200,1,35834,0,0,5,206000,0
20,58,5619,1281,BELVEDERE PARK,3,3,196183,44867,1,58339,0,0,7,222500,0
30,58,5157,1148,BELVEDERE PARK,3,3,125888,41200,1,0,7414,0,3,230000,0
38,72,4732,863,BAYAMO,4,3,108341,47975,1,0,0,0,0,102600,1
13,69,4540,1460,BAYAMO,3,3,243176,47975,1,0,0,513,8,289000,0
31,59,5463,1160,S 67.5 FT OF N 267.5 FT OF E 7,3,3,133693,50320,1,2012,0,0,0,113000,1
40,77,7484,1371,S 50 FT OF N 367.5 FT OF W 148,4,3,157081,71040,2,0,0,0,0,160000,1
19,57,5171,1402,CYPRESS ESTATES,3,3,206528,42848,1,51933,0,0,6,218000,0
36,70,14695,2818,BEACH PARK,3,3,599228,443822,1,0,0,3888,2,700000,0
37,63,12781,2170,LT 2 BLK 109 CORDOVA PARK UNIT,0,5,216562,85000,1,0,0,0,7,374000,0
60,60,12001,1934,LT 12 BLK 67 CORDOVA PARK UNIT,0,5,169907,70000,1,0,0,240,11,239500,0
66,66,14610,2351,W 70 FT OF E 140 FT OF LT 60 R,0,3,43160,9645,1,0,25687,0,0,50000,1
73,73,14087,1209,N 100 FT OF LT 112 RAVENSWOOD,0,3,52609,9805,1,0,0,1,-4,65000,0
76,76,6534,1082,LT 11 BLK 6 SHERRERS S/D PB 1,0,3,42231,7029,1,0,0,0,2,32000,1
67,67,6325,946,LT 2 BLK 1 OAKDALE S/D PB 1 P,0,2,31580,3795,1,0,0,0,0,17900,1
69,69,8708,1011,LT 11 BLK 7 1ST ADDN TO PEN HA,0,3,43805,7000,1,0,0,0,5,74000,0
69,69,7405,1151,LT 12 BLK 8 1ST ADDN TO PEN HA,0,3,45710,7000,1,0,0,0,1,25000,0
69,69,9888,1016,LT 12 BLK 11 2ND ADDN TO PEN H,0,3,47216,7000,1,0,0,0,1,20000,1
69,69,7405,883,LT 16 BLK 8 1ST ADDN TO PEN HA,0,3,41978,7000,1,0,0,0,1,20000,1
81,81,7148,1024,LT 15 KEYS COURT PB 1 P 59 OR,0,3,50070,4500,1,0,0,1440,9,50000,0
65,65,9932,1792,LT 7 BLK 7 FAIRFIELD PB 4 P 20,0,3,9000,9000,1,0,0,0,6,175000,0
57,71,6599,995,LT 18 BLK C BUENA VISTA S/D PB,0,3,58779,7000,1,0,0,280,2,55000,0
69,69,7579,812,LT 36 BLK 5 1ST ADDN TO PEN HA,0,3,41456,7000,1,0,0,0,8,75000,0
52,69,9953,1002,LT 4 BLK 2 RE S/D PEN HAVEN PB,0,3,52093,7000,1,0,0,0,2,65000,0
26,60,8499,2484,OAKHURST HILLS,3,3,326350,146794,1,0,0,3575,7,345000,0
29,52,18970,1390,PINELLAS GROVES,3,3,255175,153029,1,0,0,360,3,315000,0
21,47,8346,1721,SEMINOLE WOODLANDS,3,3,293955,140234,1,0,0,12569,3,340000,0
40,63,8398,1362,ROSE RIDGE,3,3,195597,117235,1,0,0,0,4,218500,0
24,63,8398,1613,ROSE RIDGE,3,3,248066,119680,1,0,0,0,6,310000,0
47,65,10498,1196,ROSE RIDGE,3,3,189802,130252,1,0,0,12524,3,210100,0
32,43,8237,1411,SEMINOLE GROVE ESTATES,3,3,235480,130890,1,0,0,13688,3,219900,0
29,60,6996,1405,FREEDOM VILLAGE,3,3,201308,101091,1,45152,0,0,8,270000,0
39,65,8999,1676,MILBROOK GROVES,3,3,233194,127992,1,0,0,17883,2,290000,0
39,44,7000,1872,PINEOLA SUB,3,3,198172,100526,1,0,0,1664,4,265700,1
34,64,14288,1624,GOLDEN GROVES UNIT 4,3,3,205252,104576,1,30545,1336,2423,4,307000,0
49,49,5946,1181,LAKE GARDENS SUB,3,3,120561,75019,1,0,0,828,0,113000,1
29,51,8673,1328,SEMINOLE LAKE,3,3,214161,118960,1,19138,0,1021,2,247000,0
39,47,6216,1134,CLEARWOOD ESTATES,3,3,140896,77404,1,0,0,0,-6,177000,1
29,51,5998,1278,SEMINOLE LAKE,3,3,174976,86173,1,0,0,720,1,169000,0
44,64,5998,1455,CLEARWOOD SUB 2ND ADD,3,3,128964,66433,1,0,0,3164,1,163000,0
34,50,6050,1155,KAYWOOD GARDENS,3,3,144669,68308,1,0,0,2013,1,174900,0
32,43,9052,1660,BENT TREE ESTATES EAST,3,3,211739,97422,1,0,0,16616,1,277000,0
44,65,7244,1541,LAKE PEARL ESTATES UNIT 1,3,3,129456,63181,1,0,8314,0,1,134000,0
29,48,11047,2373,LAKE PEARL ESTATES UNIT 2,3,3,297315,131618,1,35733,0,17482,3,375000,0
34,64,8390,1248,LAKE PEARL ESTATES UNIT 2,3,3,199190,118117,1,22259,0,0,5,217000,0
29,66,7100,1226,CAMPBELL GROVE ESTATES,3,3,183534,92541,1,0,0,0,1,128500,0
29,64,8137,1822,OAKDALE TERRACE REPLAT,3,3,225766,100246,1,0,0,660,8,339000,0
13,15,0,2088,SEMINOLE ISLE TOWNHOMES,4,4,287979,0,1,0,0,0,6,340000,0
34,66,8316,1188,SEMINOLE MANOR 2ND ADD,3,3,156595,78122,1,0,0,1152,0,188000,1
34,54,6652,1323,WILLIAMSDALE SQUARE,3,3,196018,110104,1,0,0,0,10,235000,0
44,97,6852,1429,SEMINOLE SUB,4,3,146301,84080,1,0,0,0,3,100700,0
34,42,11522,2898,BAYWOOD PARK,3,4,413743,194492,1,0,0,15900,0,371200,1
39,41,11522,2085,BAYWOOD PARK,4,3,311528,193827,1,0,0,15474,0,292000,0
34,63,6264,885,GEM VILLAGE,3,2,149074,99699,1,16052,0,0,7,185000,0
39,62,6098,1042,GEM VILLAGE 2ND ADD,3,3,150500,86122,1,0,0,792,1,185000,0
29,65,9574,1471,SEMINOLE MANOR,3,3,193988,91268,1,21568,0,1071,5,245000,0
24,34,8503,2204,ORANGE TERRACE 1ST ADD,3,4,367510,138828,1,4875,0,25106,4,423000,0
17,64,6268,1970,LANGER CENTRAL HEIGHTS PB 43 P,0,3,112410,7920,1,0,0,0,6,164900,0
17,59,6821,1409,1ST ADD TO WOODLAWN PB 23 PG 4,0,3,64493,4940,1,0,0,0,4,114000,0
44,44,6800,1452,1ST ADD TO WOODLAWN PB 23 PG 4,0,3,56463,4940,1,0,0,0,7,139900,0
32,75,10690,994,HARDINS SECOND ADD PB 7 PG 16,0,3,69367,11172,1,0,0,10602,5,101000,0
97,97,8525,1031,COBB A A SUB PB 25 PG 25 BLK 2,0,3,39489,8190,1,0,0,0,0,39000,1
77,77,8834,1342,SOUTH PINEWOOD PARK   PB 33 PG,0,3,40059,7323,1,0,0,0,3,48500,0
63,63,6268,988,LANGER CENTRAL HEIGHTS PB 43 P,0,3,54061,7920,1,0,0,0,0,19300,1
17,63,6268,1150,LANGER CENTRAL HEIGHTS PB 43 P,0,3,65459,7920,1,3743,0,1500,4,105000,0
63,63,6081,840,ALBERT PARK ADD PB 3 PG 25 BLK,0,3,49072,5527,1,0,0,2000,5,58000,0
74,74,9426,1130,PINEWOOD PARK SUB  PB 8 PG 31,0,3,54480,13965,1,0,0,2500,0,70000,1
72,72,12240,1308,PINEWOOD PARK SUB PB 8 PG 31 B,0,3,62157,16467,1,0,0,2000,0,31000,1
97,97,7231,1528,BURNETTS JAS W ADD PB 6 PG 4 L,0,3,50046,8218,1,0,0,0,0,35000,1
97,97,7248,1774,BURNETTS JAS W ADD  PB 6 PG 4,0,3,64432,7447,1,0,0,0,0,55000,1
7,97,7248,1154,DIXIELAND PB 1 PG 67 BLK A LOT,0,3,111725,25218,1,0,500,0,5,178000,0
17,97,6499,1312,DIXIELAND PB 1 PG 67 BLK C LOT,0,3,103229,22746,1,0,0,0,8,125900,0
31,31,6024,1619,LAKE BEULAH HEIGHTS DIVISION N,0,3,88625,7105,1,0,0,500,2,73000,0
98,98,6499,2083,DIXIELAND PB 1 PG 67 BLK E LOT,0,3,128272,22746,1,0,0,5907,4,188600,0
99,99,6499,1230,DIXIELAND PB 1 PG 67 BLK F LOT,0,3,71385,22746,1,0,0,2000,2,59500,0
14,76,6752,1558,LAKE HUNTER TERRACE HEIGHTS PB,0,3,89638,9785,1,0,1790,2000,8,121500,0
72,72,6752,1218,LAKE HUNTER TERRACE HEIGHTS PB,0,3,73690,9785,1,0,0,9223,0,50000,1
59,59,7018,1254,ALBERT PARK ADD PB 3 PG 25 BLK,0,3,53784,6416,1,0,0,380,2,46500,0
90,90,12990,1646,ALBERT PARK ADD PB 3 PG 25 BLK,0,3,75902,11844,1,0,0,0,0,25000,1
41,41,4988,1377,ALBERT PARK ADD PB 3 PG 25 BLK,0,3,60734,4540,1,0,0,0,2,70000,0
82,82,7248,1116,DIXIELAND PB 1 PG 67 BLK J LOT,0,3,60199,25218,1,0,2000,500,6,60000,0
87,87,8673,2470,DRANES 2ND ADD PB 1 PG 47B BLK,0,3,155311,24235,1,0,0,19241,0,105000,1
27,70,9718,1782,CAMPHOR HGHTS UNIT NO 2 PB 34,0,3,117963,24000,1,0,0,0,5,145900,0
32,95,6752,2044,LAKE HUNTER HEIGHTS PB 2 PG 12,0,3,147391,28346,1,0,0,0,8,175000,0
79,79,6752,972,LAKE HUNTER HEIGHTS PB 2 PG 12,0,3,69629,28350,1,0,0,0,0,55000,1
97,97,6177,1458,WARING T L SUB PB 2 PG 59 BLK,0,3,51171,23011,1,0,0,11836,0,75000,0
70,70,9718,2084,CAMPHOR HGHTS UNIT NO 2 PB 34,0,3,131196,24000,1,0,0,4172,5,233000,0
98,98,7501,1408,THE GEORGE SUB PB 7 PG 1 BLK X,0,3,82324,20000,1,0,1000,10295,0,75000,1
32,68,6752,1029,THE GEORGE SUB PB 7 PG 1 BLK Z,0,3,98617,20000,1,0,0,4500,1,125000,0
27,74,8956,1512,THE GEORGE SUB PB 7 PG 1 BLK &,0,3,131261,30000,1,0,0,8721,6,149900,0
12,70,12201,3045,CAMPHOR HGHTS UNIT NO 3 PB 34,0,3,249279,35000,1,0,0,11900,8,310000,0
97,97,5502,1406,VOLUNTEER HEIGHTS PB 7 PG 49 B,0,3,80580,24525,1,0,0,1300,4,165000,0
17,50,10537,1434,KINGS PLACE 1ST ADD PB 8 PG 16,0,3,106407,23091,1,0,0,1500,3,152900,0
22,71,12541,2072,EDENHOLME SUB PB 13 PG 24 BLK,0,3,175264,22680,1,0,0,12400,5,215000,0
36,70,10137,1960,NORTH BON AIR,4,3,271029,129568,1,0,0,8770,0,83333,1
31,59,6320,1514,ROSEDALE NORTH,3,3,187095,79560,1,0,0,978,5,615000,0
12,63,6980,1533,ROSEDALE NORTH,3,3,289446,88102,1,75356,0,0,0,204000,1
26,50,5083,1040,BROADMOOR PARK REVISED PLAT,3,3,149730,68250,1,0,0,0,0,161000,1
21,62,4947,1152,BROADMOOR PARK REVISED PLAT,3,3,205432,68250,1,40653,0,0,5,300000,0
32,61,5197,1442,BROADMOOR PARK REVISED PLAT,3,3,179687,68250,1,0,0,0,0,200000,1
18,18,16413,3947,VELVENTOS WEST,3,3,406576,108085,1,0,0,23538,8,399900,0
22,27,0,1590,BROOKFIELD,4,3,237132,0,1,0,0,0,11,307500,0
23,28,0,1832,BROOKFIELD,4,3,213874,0,1,0,0,0,5,315000,0
27,39,7501,1661,COUNTRYSIDE TRACT 90 PH 1,3,3,205758,83334,1,0,0,2184,5,222000,1
42,54,16078,2321,N 80FT OF W 251FT OF S 300,3,3,227570,108944,1,0,0,18001,3,259900,0
25,42,6499,1650,"HARBOR PALMS UNIT 11B,C,D",3,3,216410,81855,1,0,0,12652,1,245000,1
21,26,0,1105,"COUNTRYSIDE KEY,",4,3,140559,0,1,0,0,0,2,125000,0
22,39,12402,1766,"MANORS OF FOREST LAKES,",4,3,249708,117835,1,742,796,1209,4,212700,0
23,23,6033,2082,PRESERVE AT CYPRESS LAKES,3,3,245286,89190,1,0,0,3060,7,345000,0
30,50,5998,1610,HARBOR PALMS-UNIT TWO,3,3,176722,68041,1,0,0,0,10,181100,0
21,25,0,1105,"COUNTRYSIDE KEY,",3,3,133016,0,1,0,0,0,5,165000,0
7,7,0,1525,TUSCANY WOODS SOUTH,4,3,195877,0,1,0,0,0,3,225000,0
52,105,5170,2063,2-24     56-2S-26E,4,4,199377,62700,1,0,0,1902,0,120000,1
52,96,5739,1614,4-6      56-2S-26E,4,4,189609,71250,1,0,0,760,3,312000,0
62,74,5932,1058,9-24     59-2S-26E  .137,4,3,76571,24000,1,0,0,0,1,109000,0
32,79,8250,1065,17-85    05-3S-26E,4,3,103253,28512,1,21156,0,1191,7,129900,0
27,71,7481,1306,6-44     42-3S-26E  .172,4,3,111826,25920,1,24830,0,633,7,148000,0
27,80,5977,1406,9-24    59-22-26E,4,3,129799,24000,1,26686,633,2204,3,169900,0
72,72,5944,1084,9-36     59-2S-26E,3,3,65351,24000,1,0,0,0,1,70000,0
62,78,13339,1629,18-13    05-3S-26E,4,2,91988,29853,1,0,0,2285,3,82500,0
22,79,5955,1195,9-36    06-3S-26E,4,3,106339,24000,1,34862,613,633,5,137000,0
22,86,5134,1515,15-13    29-2S-26E,4,3,238680,70950,1,58202,0,1108,6,337900,0
42,73,5280,1580,6-44     33-2S-26E,3,4,169710,57408,1,0,0,0,0,80000,1
32,82,7902,1148,17-6     58-2S-26E,4,3,204681,108800,1,12888,0,633,6,215000,0
27,80,6728,1447,17-6     58-2S-26E,4,3,205297,85440,1,31223,0,0,9,258000,0
22,73,7200,2252,6-44     59-2S-26E,4,3,256039,57600,1,151512,0,3105,6,319900,0
59,59,7929,1537,31-75    14-3S-25E,3,3,82908,20000,1,0,0,633,0,80000,1
27,60,7612,1470,31-75    14-3S-25E,3,3,105732,20000,1,19411,0,0,2,137000,0
60,60,7738,1432,31-75    14-3S-25E,3,3,88320,20000,1,0,0,455,3,142000,0
55,55,10808,2206,33-93    15-3S-25E,3,3,113088,20000,1,0,0,824,0,73000,1
60,60,8447,1724,31-75    14-3S-25E,3,3,92045,20000,1,0,0,2100,1,155000,0
17,61,7505,1305,30-64    13-2S-25E,3,3,101107,16000,1,0,0,633,3,138000,0
59,59,12305,2042,32-6     13-3S-25E,3,3,101719,16000,1,0,0,857,0,72000,1
37,61,8285,1293,31-9     14-3S-25E,4,3,91575,20000,1,0,0,0,2,68300,0
61,61,7103,1438,31-21    13-3S-25E,3,3,76163,16000,1,0,0,795,1,82000,0
42,59,7998,1418,31-46   14-3S-25E,3,3,94862,20000,1,10942,0,2134,1,120000,0
60,60,9300,1624,31-46    14-3S-25E,3,3,83876,20000,1,0,0,455,3,89500,0
60,60,9222,1326,31-75    14-3S-25E,3,3,82363,20000,1,0,0,1030,2,59800,0
47,63,7534,1190,29-56    11-3S-25E,3,3,68366,14490,1,0,0,0,-4,109500,0
63,63,8080,1449,29-56    11-3S-25E,3,3,43852,14490,1,0,0,954,1,55000,0
42,60,8311,1451,31-72    13-3S-25E,3,3,88258,16000,1,1291,0,9992,7,150000,0
59,59,7649,1438,31-75    14-3S-25E  .172,3,3,81562,20000,1,0,0,0,1,110000,0
22,47,34000,3822,3-79     59-2S-26E  .78,4,4,417709,144624,1,23367,0,13704,8,479500,0
36,36,2435,1375,40-66    42-3S-26E,4,2,54866,6000,1,0,0,471,0,47000,1
6,16,3894,1494,30-2S-27E  .09,4,2,111412,13824,1,14536,0,0,9,150000,0
10,10,8652,1416,31-2S-27E  .199,4,3,131100,26883,1,13502,0,0,2,153000,0
47,72,12999,1084,18-57    36-2S-27E  .281,3,2,66637,28612,1,0,0,601,1,73700,0
47,73,9534,1028,20-37     25-2S-27E  .22,4,3,88921,27866,1,0,0,2154,0,105000,0
25,32,6035,1487,LADY LAKE  ORANGE BLOSSOM GARD,4,4,149045,37950,1,0,0,0,6,137500,0
25,31,6896,1279,LADY LAKE  ORANGE BLOSSOM GARD,4,4,162690,48000,1,0,0,0,3,244900,0
6,6,5460,1314,FRUITLAND PARK  THE VILLAGES O,4,4,184177,45000,1,0,0,0,2,230000,0
15,15,33007,2841,EUSTIS  SPRING RIDGE ESTATES S,4,4,279741,44800,1,0,0,0,2,320000,0
17,17,12462,1631,HARBOR SHORES UNIT 1 LOT 16 BL,4,4,147829,28800,1,0,0,0,5,189200,0
33,38,2663,1170,EUSTIS  WILLOW CREST SUB LOT 9,4,3,118040,15000,1,0,0,0,10,130000,0
32,33,8000,800,EUSTIS  CRICKET LAKE VILLAGE L,4,4,117526,35250,1,0,0,0,1,135100,0
25,25,11351,1250,EUSTIS  CRICKET LAKE VILLAGE 4,4,4,145192,35250,1,0,0,0,5,184300,0
33,34,12036,1540,FRUITLAND PARK  RIDGEWOOD SUB,4,3,132861,25459,1,0,0,132,2,155000,0
33,28,61043,1769,MELODY HILLS SUB UNIT TWO LOT,4,3,215903,64000,1,0,0,1038,2,220000,0
6,6,7040,2086,MINNEOLA  THE RESERVE AT MINNE,4,4,245665,51000,1,0,0,0,2,285000,1
9,9,5500,2574,MINNEOLA  RESERVE AT MINNEOLA,4,4,263098,51000,1,0,0,1698,9,318000,0
98,72,9391,572,FRUITLAND PARK FROM NE COR OF,4,2,38309,21060,1,0,0,328,0,35000,1
25,52,11214,912,FRUITLAND PARK BEG 110 FT S OF,4,4,100999,14899,1,0,0,494,5,125000,0
25,62,15000,1807,GRIFFIN SHORES LOT 114 PB 12 P,4,4,116022,18000,1,0,0,2178,5,180000,0
25,43,13911,1524,VALENCIA TERRACE LOT 12 PB 20,4,4,137822,25200,1,1845,0,0,4,169900,0
44,61,8800,1186,FRUITLAND PARK  PARK HEIGHTS L,4,4,51220,8928,1,0,0,0,1,68000,0
32,61,8800,936,FRUITLAND PARK  PARK HTS LOT 1,4,4,47073,8928,1,0,0,0,4,60000,0
25,32,430373,1344,SE 1/4 OF SW 1/4 OF NE 1/4--LE,4,4,228304,133245,1,0,0,8391,8,275000,0
8,8,6236,1841,GROVELAND  EAGLE POINTE PHASE,4,4,183060,42500,1,0,0,0,3,240000,0
7,7,6175,1932,GROVELAND  EAGLE POINTE PHASE,4,4,215216,42500,1,0,0,0,3,239900,0
15,15,5750,1750,GROVELAND  EAGLE POINTE PHASE,4,4,189001,42500,1,0,0,0,1,210000,0
15,15,10125,2252,CLERMONT  SOUTHERN FIELDS PHAS,4,4,217988,43000,1,0,0,0,0,255000,1
9,9,18033,4089,CLERMONT  HUNTER'S RUN PHASE 1,4,4,403085,64500,1,0,0,17069,1,485000,1
21,21,10790,1599,MASCOTTE  COURTNEY PARK PHASE,4,4,151247,25200,1,0,0,0,0,174900,1
27,30,11000,1652,MASCOTTE  LAKE JACKSON ESTATES,4,3,143382,24400,1,0,0,0,3,169000,0
22,22,10808,1084,MASCOTTE  COURTNEY PARK PHASE,4,4,120474,25200,1,0,0,489,4,150000,0
9,9,9630,2251,BARRINGTON ESTATES PHASE 1 SUB,4,4,227009,43010,1,0,0,0,3,251000,0
20,20,8753,1220,INDIAN FIELDS SUB LOT 18 PB 47,4,4,152184,42900,1,0,0,0,3,215000,0
19,19,9907,1252,INDIAN FIELDS SUB LOT 22 PB 47,4,4,175063,42900,1,0,0,0,3,210000,0
19,19,18023,1212,INDIAN FIELDS SUB LOT 15 PB 47,4,4,174679,42900,1,1071,0,0,4,218000,0
18,18,11198,1689,VISTA PINES SUB LOT 32 PB 51 P,4,4,184047,43010,1,2930,0,0,2,234000,0
20,20,11126,1527,CRESCENT RIDGE SUB LOT 33 PB 4,4,4,161617,42900,1,0,0,0,3,233900,0
25,27,13500,1152,MASCOTTE  WORTHINGTON PLACE SU,4,4,127165,24503,1,0,0,1078,3,169900,0
25,25,9860,2193,PALISADES PHASE I LOT 114 PB 3,4,4,249291,55000,1,0,0,16039,6,329000,0
16,16,13400,1123,FROM CENTER OF SEC RUN S 930 F,4,4,110164,18760,1,0,0,0,4,145000,0
25,30,15249,1730,HILLTOP SUB LOT 4 BLK C PB 12,4,4,131604,12000,1,24173,132,0,2,162000,0
32,57,9148,1356,CATALINA VILLAGE 5TH ADDITION,3,2,59500,9000,1,0,0,0,0,33200,1
17,28,8712,3351,SUNSET LAKES PHASE ONE-B LOT 1,3,4,279270,46000,1,2490,0,0,6,350000,0
47,108,52708,1548,PART OF LOT 1 AS DESC IN DB 63,4,2,398330,328340,1,0,0,0,0,242500,1
12,17,51401,3298,PART OF LOT 3 & PT OF NW 1/4 O,3,4,551770,313270,1,0,0,0,1,550000,0
17,39,11326,1430,SEA GATE N 1/2 OF LOT 28,4,3,105830,21000,1,0,0,0,3,124900,0
32,71,9583,1400,"CARLTON TERRACE, AMENDED PLAT",3,2,130590,55000,1,6670,0,0,-5,123500,1
37,66,12632,2260,COCOA HILLS SUBD LOT 50,3,2,62200,10000,1,0,0,0,4,66000,0
37,66,13504,1616,COCOA HILLS SUBD LOT 79,3,2,53500,10000,1,0,0,0,0,52500,1
49,66,10019,1982,COCOA HILLS SUBD LOT 99,3,2,43450,10000,1,0,0,0,0,48800,0
37,65,4356,1280,MCARTHURS UNRECORDED SUBD PT O,4,2,45110,7500,1,0,0,0,-6,45000,1
27,55,7841,2410,DIANA SHORES UNIT NO 4 LOT 23,3,3,188780,57000,1,0,0,0,3,224000,0
37,57,10890,1576,COUNTRY CLUB MANOR LOT 26 BLK,3,2,83510,14000,1,6930,0,0,0,91000,0
14,44,9148,2794,WATERWAY MANOR UNIT 2 LOT 77 B,3,3,314880,105300,1,4260,0,0,5,410000,0
17,59,9583,1599,MERRITT ISLAND VILLAGE LOT 9,3,2,111560,8000,1,15450,0,0,7,147000,0
27,59,7405,2014,HAMPTON HOMES UNIT 8 LOT 576,3,2,155360,48000,1,0,0,0,5,230000,0
22,54,8276,2198,CATALINA ISLE ESTATES UNIT 6 L,3,2,186310,58000,1,4410,0,0,5,245000,0
22,55,8276,2198,CATALINA ISLE ESTATES UNIT 6 L,3,2,183030,58000,1,4040,0,0,1,129000,0
37,55,10890,2299,DIANA SHORES UNIT NO 2 LOT 24,3,3,279430,171000,1,0,0,0,6,410000,0
32,55,7405,2055,CATALINA ISLE ESTATES UNIT 4 L,3,2,157550,58000,1,0,0,0,0,162000,0
29,61,7841,801,BEVIS SUBD LOT 8,4,1,51360,7350,1,0,0,0,6,75000,0
27,58,8712,3904,CATALINA ISLE ESTATES UNIT 2 L,3,3,345520,134000,1,0,0,0,2,285000,0
37,63,7405,1216,HAMPTON HOMES UNIT 1 LOT 32,3,2,90730,37000,1,170,0,0,2,120000,0
52,72,16117,2509,"GROVE PARK LOTS 2,3",4,2,80030,34000,1,0,117,0,6,95000,1
22,62,13068,2708,SHERWOOD FOREST SECOND DIV LOT,3,3,185640,40000,1,3030,0,0,4,225900,0
30,63,7405,1584,HAMPTON HOMES UNIT 4 LOT 129,3,2,116030,48000,1,0,159,0,5,149800,0
37,63,8276,1779,COCOA MODERN MANORS LOT 89,3,2,57070,10000,1,0,1096,0,5,49100,0
39,64,10019,2230,PINERIDGE SUBD UNIT 2 LOT 2 BL,3,2,64820,10000,1,500,0,0,8,80000,0
37,65,8276,1796,PINERIDGE SUBD LOT 6 BLK 12,3,2,56270,10000,1,0,0,0,0,65600,0
27,41,4792,1576,COUNTRY LAKE ESTS S 1/2 OF LOT,3,2,37210,5700,1,0,0,0,1,41000,0
44,58,7841,1719,MELROSE MANOR UNIT 1 LOT 4 BLK,3,2,40870,10000,1,1060,0,0,0,25000,1
17,58,7841,1860,MELROSE MANOR UNIT 1 LOT 8 BLK,3,2,85910,10000,1,0,0,0,3,105000,0
22,59,7405,1915,MERRITT RIDGE SHEET 5 LOT 19 B,3,2,154150,47000,1,0,0,0,3,185000,0
22,58,7405,1788,MERRITT RIDGE SHEET 5 LOT 21 B,3,2,144000,47000,1,0,333,0,6,180000,0
17,44,2178,1452,"OCEAN WOODS STAGE 1, REPLAT OF",3,3,180550,90000,1,0,2082,0,3,159000,0
22,43,1742,1183,OCEAN WOODS STAGE 3-B LOT 77,3,3,161710,90000,1,0,0,0,1,231000,0
22,58,1307,1116,CAPE CANAVERAL BEACH GDNS UNIT,3,2,110510,48000,1,0,0,0,6,165000,0
22,64,10019,2340,CANAVERAL SUBD LOT 20 BLK 4,3,3,346050,150000,1,610,0,0,9,400000,0
17,33,9148,3109,"LAKES OF RIDGE MANOR, THE PHAS",4,3,271620,70000,1,0,1665,0,6,315000,0
22,39,10454,2167,RIDGE MANOR ESTATES LOT 36 BLK,3,3,252520,100000,1,6430,0,0,9,297500,0
17,24,5663,2210,ISLAND CROSSINGS PHASE 2 LOT 1,3,3,184720,44000,1,0,0,0,-1,214800,0
32,64,12632,3543,CANAVERAL SUBD E 75 FT OF LOT,3,3,347400,150000,1,10810,0,0,0,336000,1
27,58,7405,1704,CARIBBEAN ISLES UNIT 1 LOT 41,3,3,145710,45000,1,0,0,0,6,135000,0
22,57,7841,1704,CARIBBEAN ISLES UNIT 2 LOT 18,4,3,166180,45000,1,0,116,0,5,215000,0
22,36,6970,2228,MORNINGSIDE HEIGHTS LOT 11 BLK,4,2,142630,23000,1,950,0,0,0,138000,1
32,61,9583,1699,MILFORD POINT BEACH SUBD LOT 1,3,2,271650,195000,1,10,0,0,0,360000,1
29,61,7405,1723,HARBOR ESTATES SEC 1 LOT 7 BLK,3,2,140570,50000,1,1370,0,0,3,150000,0
17,44,3920,1419,"VILLAS AT NEWFOUND HARBOR, THE",3,2,129150,40500,1,0,1705,0,7,160000,0
12,16,10890,3236,SUMMERS CREEK PHASE TWO LOT 85,3,4,312620,55650,1,0,188,0,3,396000,0
21,25,8625,2139,LOT 12 BLK 3 SILVER SANDS SEC,0,4,448268,126596,1,0,0,9108,0,309000,0
27,68,10875,572,LOT 11 BLK B ELLISON ACRES 2 M,0,2,106755,39011,1,0,0,75,2,110500,0
27,67,10875,1227,LOT 4 BLK C ELLISON ACRES 2 MB,0,2,142892,39011,1,0,0,0,0,58000,0
32,66,10080,1216,LOT 9 ELLISON ACRES NO 3 MB 23,0,2,134148,37080,1,0,0,239,4,159000,0
12,54,13530,1166,12 17 29 LOT 61 WEST MINNESOTA,0,3,123384,9241,1,0,0,301,0,139900,0
33,38,0,995,UNIT 44 BLDG G VILLAGE GREEN T,0,3,43587,1360,1,0,0,0,0,37500,0
63,63,7803,1510,LOT 5 OSTEEN SUB IN LOT B BLK,0,3,72774,20885,1,0,0,373,1,83900,0
50,92,7040,1602,LOT 1 F W SAMS SUB DAUGHERTYS,0,3,47583,6080,1,0,0,0,8,73000,0
38,44,8400,966,S 34 FT OF LOT 30 & LOT 31 BLK,0,3,93763,22176,1,0,0,150,5,90100,0
27,65,6050,1425,LOT 5 POINTER SUB NO 1 EXC E 1,0,3,138225,15125,1,0,0,1054,9,145800,0
35,51,9570,1110,W 145 FT OF S 30 FT OF LOT 17,0,3,116632,14999,1,0,0,5696,4,91500,0
25,45,19810,1116,N 1/2 OF LOT 39I ALVAREZ GRANT,0,3,124728,22750,1,0,0,0,9,162500,0
12,64,6180,1503,33-48-42,2,5,218040,30900,1,0,0,2730,6,235000,0
48,67,5145,914,33-48-42,2,3,104410,25730,1,0,0,2700,0,118000,1
42,47,5142,1774,33-48-42,2,3,66200,25710,1,0,0,700,0,93500,0
62,67,5147,919,33-48-42,2,3,88630,25740,1,0,0,740,0,102000,1
57,62,9656,1884,EDGEFIELD 1ST SEC 49-31 B,2,3,305830,70010,1,0,2270,17810,0,240000,1
49,54,8991,2055,EDGEFIELD 1ST SEC 49-31 B,2,3,272000,62940,1,0,0,9690,1,272000,0
49,50,8625,1907,COCONUT CREEK 2 SEC 54-29 B,2,3,288980,62530,1,0,0,4160,7,350000,0
52,53,8800,2133,COCONUT CREEK SEC 8 66-42 B,2,3,309350,63800,1,0,0,13600,2,306900,0
22,52,6000,1712,ESQUIRE LAKE ESTATES SEC 3,2,4,207060,18000,1,0,0,570,6,231000,0
52,53,7232,2493,ESQUIRE LAKE ESTATES SEC 3,2,3,204750,21700,2,0,0,1880,0,225000,0
22,52,6500,1146,ESQUIRE LAKE ESTATES SEC 3,2,4,197130,19500,1,0,0,570,7,220000,0
33,34,6276,1730,COLLIER CITY ADD NO 1,2,3,196440,18830,1,0,0,2700,0,188000,0
48,49,6185,1000,COLLIER CITY ADD 73-47 B,3,3,121040,18560,1,0,0,820,0,12000,1
51,67,5150,627,33-48-42,2,3,130110,25750,1,0,0,1330,4,140500,0
57,58,5167,1100,33-48-42,2,3,108750,25840,1,0,0,1370,0,119000,0
56,57,6215,728,33-48-42,2,3,89630,18650,1,0,0,300,-7,89900,1
65,66,7500,1134,POMPANO BEACH HIGHLANDS 2ND SE,2,3,206100,30000,1,0,0,1390,6,229000,0
65,66,7500,662,POMPANO BEACH HIGHLANDS 2ND SE,2,3,143390,30000,1,1200,0,3790,0,103000,0
52,59,7000,2053,EASTWAY PARK SEC 4 52-22 B,2,3,347700,84000,1,0,0,25490,3,445000,0
59,64,7500,2048,FLORESTA ESTATES 44-28 B,2,3,404650,60000,1,0,0,8080,5,336400,1
57,62,8691,1239,FLORESTA ESTATES 3RD SEC 47-36,2,3,285350,69530,1,0,0,750,6,325000,0
55,65,7500,2482,DEERFIELD RIDGE SEC 1 38-28 B,2,3,504000,60000,1,0,0,25610,11,560000,0
44,45,9000,2118,THE COVE 5TH SEC 39-5 B,2,3,445040,72000,1,800,0,24270,3,538000,0
62,63,7500,1935,POMPANO WATERWAY ESTATES 39-41,2,3,413250,90000,1,0,0,12520,4,435000,0
58,63,7425,1210,FAIRLAWN 41-44 B,2,3,247440,29700,1,0,0,22010,1,212000,0
60,61,9000,1795,POMPANO WATERWAY ESTATES 39-41,2,3,407030,108000,1,0,0,10270,9,352000,0
64,65,7919,1464,BEACON HEIGHTS 42-34 B,2,3,211840,31680,1,0,0,1290,4,249900,0
52,64,5000,1363,NORTH POMPANO BEACH SEC A,2,3,190450,20000,1,0,0,1170,0,239000,0
18,19,9350,5146,LIGHTHOUSE POINT 3RD SEC 33-24,2,4,2052000,467500,1,0,0,27540,4,2160000,0
56,57,9000,2305,VENETIAN ISLES 3RD SEC 47-13 B,2,3,431190,108000,1,0,0,3140,-1,448000,1
65,66,7500,991,POMPANO BEACH HIGHLANDS 2ND SE,2,3,173740,30000,1,0,0,1810,2,155500,0
65,66,7500,755,POMPANO BEACH HIGHLANDS 2ND SE,2,3,147290,30000,1,0,0,390,4,185000,0
65,66,7500,872,POMPANO BEACH HIGHLANDS 2ND SE,2,3,176490,30000,1,0,0,1540,7,220500,0
27,28,1636,1296,SECTORS 3 & 4 BOUNDARY PLAT,2,4,268380,32720,1,0,0,1210,0,285000,0
38,39,7000,1208,SUNRISE GOLF VILLAGE SEC 26,2,3,203420,47250,1,0,0,1780,7,272500,0
49,50,7805,1384,SOUTHGATE FIFTH ADD 53-8 B,2,3,251760,39030,1,0,0,6550,4,277500,0
30,31,3207,1635,SAVANNAH P.U.D. PLAT 3 142-4 B,2,3,275000,21650,1,0,0,1240,6,338000,0
15,16,34364,4561,SIEBERS COVE 172-174 B,2,5,712500,197590,1,0,0,16850,4,750000,0
3,4,1995,2359,SAWGRASS LAKES 154-2 B,2,5,385710,99750,1,0,0,2880,0,500000,1
40,41,6000,1576,SUNRISE GOLF VILLAGE,2,3,287100,40500,1,0,0,620,7,330000,0
41,42,6002,2014,SUNRISE GOLF VILLAGE,2,3,288430,40510,1,0,0,800,1,270000,0
43,44,6000,2047,SUNRISE GOLF VILLAGE SEC 24,2,3,261730,40500,1,0,0,1200,6,275500,0
41,46,6000,1617,SUNRISE GOLF VILLAGE SEC 24,2,3,266000,40500,1,0,0,580,2,280000,0
16,16,0,1986,LOT 59,4,3,166135,35000,1,0,0,2263,3,225500,0
15,15,0,3774,LOT 29,4,5,249861,25000,1,0,0,1754,4,269000,0
6,6,0,2829,LOT 187,3,3,226538,25000,1,0,0,2254,4,242800,0
5,5,0,2038,LOT 104,4,2,175306,35000,1,0,0,1782,0,245000,0
33,33,22000,1484,LOT 9,4,2,134021,35000,1,0,0,3480,5,211000,0
22,32,22000,1423,LOT 12,4,3,138956,35000,1,0,0,3325,5,183500,0
18,18,0,1795,LOT 6,4,3,156686,35000,1,0,0,2163,4,189000,1
17,32,0,2379,LOT 13,4,5,322644,95000,1,0,0,33742,1,388500,1
15,15,0,2380,LOT 33,4,3,231990,45000,1,0,0,2987,7,245000,0
22,112,47044,1457,LOT 29,4,6,127645,23760,1,0,0,1607,0,183000,1
9,9,0,2994,LOT 455,4,4,302896,57750,1,0,0,8868,4,378000,1
13,13,0,2954,LOT 213,4,3,194284,25000,1,0,0,1647,6,246500,0
17,17,0,1916,LOT 13,3,6,143848,20000,1,0,0,1692,4,170000,0
12,17,0,1800,LOT 29,3,6,140072,20000,1,0,0,1560,4,165000,0
13,13,43560,1936,PT SW1/4 OF NW1/4,4,5,188992,18000,1,0,0,0,8,245000,1
52,62,52707,1619,PT OF SE1/4 OF NE1/4 OF,4,3,98448,21780,1,0,0,185,1,50000,0
4,4,11829,2968,LOT 192,4,3,284008,45000,1,0,0,2711,0,348200,1
16,16,0,3993,LOT 105,4,4,350133,65000,1,0,0,8753,4,300300,0
18,18,0,2255,LOT 115,4,2,209010,40000,1,0,0,6466,6,215000,0
7,7,10725,2103,LOT 120,4,1,202828,40000,1,0,0,5636,0,245000,1
19,19,0,2233,LOT 14,4,5,192656,40000,1,465,0,1790,2,239000,0
7,7,14810,1489,LOT 25,4,6,151229,35000,1,0,0,2016,4,210800,0
9,9,0,3511,LOT 124,4,2,257935,40000,1,0,0,3715,0,315000,1
21,61,43560,1738,IN OR 2292/1775,4,5,167376,22000,1,0,0,2231,4,195000,0
23,23,0,2143,LOT 8,4,6,170325,31920,1,1413,0,3179,2,227600,0
4,4,7405,1484,LOT 486,4,6,150893,40000,1,0,0,1749,7,195000,0
9,9,0,2107,LOT 380,4,5,185166,40000,1,0,0,1540,0,180800,1
8,8,0,2350,LOT 446,4,5,202445,40000,1,0,0,1431,5,223000,1
14,14,0,1439,LOT 300,4,5,136567,40000,1,0,0,1951,1,168000,0
15,15,0,1625,LOT 69,4,5,145286,40000,1,0,0,1994,2,175000,0
4,4,0,1667,LOT 11,4,3,169630,20000,1,0,0,0,1,179900,0
17,17,0,1439,LOT 6,4,5,133608,40000,1,0,0,1476,1,158000,0
17,17,0,1868,LOT 23,4,5,153234,40000,1,0,0,2283,3,202000,0
19,24,0,2099,LOT 91,4,2,212549,50000,1,0,0,6286,4,254000,0
34,34,43560,811,IN OR 2304/338,4,3,88063,35000,1,0,0,306,2,81000,0
16,16,0,2931,LOT 40,4,5,248694,35000,1,1343,0,4542,2,305000,1
18,18,0,2134,LOT 123,4,5,183254,35000,1,0,0,3652,3,233000,0
16,16,40412,3962,LOTS 9 & 10,4,4,517746,100000,1,0,0,4501,2,90000,1
4,4,0,3131,LOT 23,4,5,395940,80000,1,0,0,4655,2,489000,0
21,21,0,2681,LOT 10,4,6,305679,95000,1,0,0,2799,4,325000,0
22,42,25560,2492,PT OF LOT 10(S-2) & ALL LOT 13,3,6,164485,25000,2,0,0,2227,1,230000,0
17,17,0,2504,LOT 10,4,5,242918,36750,1,0,0,9781,5,285000,0
51,52,47413,4106,FLA FRUIT LANDS CO SUB NO 1,2,3,479750,237400,1,0,0,18130,1,505000,1
43,44,7499,1924,THE COUNTRY III 85-38 B,2,3,257450,59990,1,0,0,1810,0,271000,1
19,20,15813,3388,ROLLING HILLS GOLF ESTATES,2,4,508250,121940,1,0,0,10900,6,535000,0
44,45,7500,2145,GUARDIAN ESTATES 81-41 B,2,3,338120,60000,1,0,0,11070,4,419900,0
37,38,1457,1361,PINE ISLAND LAKES TOWNHOMES,2,3,189910,26230,1,0,0,360,4,240000,0
54,55,12951,1482,SILVER LAKE 51-31 B,2,3,269700,103610,1,0,0,19190,0,290000,1
49,50,8000,2435,COOPER COLONY ESTATES SEC 2,2,3,397500,48000,1,0,0,13630,4,385000,0
51,56,7500,1042,COOPER COLONY ESTATES SEC 1,2,3,211760,60000,1,0,0,2050,6,282500,0
54,55,3965,920,COOPER COLONY ESTATES SEC 1,2,3,213840,23790,1,0,0,640,5,243000,0
50,51,8462,1315,SUMMERTIME ISLES SECOND ADD,2,3,322810,67700,1,0,0,2200,6,315000,0
44,45,10875,2299,COOPER COLONY ESTATES SEC 2,2,3,365030,87000,1,0,0,11120,0,360000,0
34,35,7509,2282,COUNTRY ADDRESS 102-1 B,2,3,346140,60070,1,0,0,11540,6,375600,0
50,51,6000,1577,SUMMERTIME ISLES SECOND ADD,2,3,316200,48000,1,0,0,760,5,340000,0
51,52,8133,1351,SUMMERTIME ISLES 66-12 B,2,3,338640,48800,1,0,0,1490,3,228000,0
17,18,3125,2685,SEAWANNA SUB PT BLK 35,2,5,464920,62500,1,0,0,5300,0,520000,0
24,25,7000,1676,TUSKEEGEE PARK 3-9 B,2,4,232660,21000,1,0,0,800,5,244900,0
71,72,5750,2314,RIVER BEND 25-50 B,2,3,187850,17250,2,0,0,0,2,170000,0
22,23,5000,1026,LINCOLN PARK CORR PLAT 5-2 B,2,4,124150,15000,1,0,0,800,0,121000,0
62,63,5528,909,SEMINOLE FOREST 14-16 B,2,3,114000,16580,1,0,0,280,10,120000,0
66,67,2500,630,LINCOLN PARK CORR PLAT 5-2 B,2,3,66950,7500,1,0,0,0,0,77000,1
63,64,5000,1195,LINCOLN PARK FIFTH ADD,2,3,131560,15000,1,0,0,0,0,130000,0
26,27,7910,1433,FIRST ADD TO TUSKEGEE PARK,2,4,159600,23730,1,0,0,3270,0,168000,0
54,55,5000,1897,LINCOLN PARK CORR PLAT 5-2 B,2,3,188240,15000,1,0,0,2160,0,174900,0
68,69,5933,1367,FIRST ADD TO TUSKEGEE PARK,2,3,114940,17800,1,0,0,700,5,220000,0
69,70,4000,957,LINCOLN PARK FIRST ADD,2,3,74090,12000,1,0,0,690,8,110500,0
18,19,1087,1648,HOLMBERG & MC KEES SUB 1-112 D,2,4,370590,25000,1,0,0,0,2,353900,0
69,70,3584,680,LINCOLN PARK FIRST ADD,2,3,75860,10750,1,0,0,260,0,125000,0
69,70,2666,680,LINCOLN PARK FIRST ADD,2,3,57860,8000,1,0,0,260,0,125000,0
69,70,2831,680,LINCOLN PARK FIRST ADD,2,3,55830,8490,1,0,0,260,0,125000,0
69,70,3565,680,LINCOLN PARK 1ST ADD,2,3,60530,10700,1,0,0,100,0,125000,0
68,69,3745,709,LINCOLN PARK FIRST ADD,2,3,67520,11240,1,0,0,270,0,125000,0
37,38,10219,3092,DORSEY PARK 4TH ADD 25-26 B,2,3,174790,71530,1,0,0,15410,-1,180200,1
64,65,7500,2282,MELROSE MANOR 40-32 B,2,3,257820,22500,1,0,0,9920,0,235000,0
51,52,6500,1477,PARK PLAZA 48-39 B,2,3,166270,19500,1,0,0,480,4,277000,0
55,57,5500,1507,RIVERSIDE PARK ADD AMEN PLAT,2,3,259330,30250,1,0,0,13430,6,315000,0
66,67,6064,1102,WESTWOOD HEIGHTS 6-34 B,2,3,137530,18190,1,0,0,1740,0,150000,0
68,69,7150,1389,WOODLAND PARK AMD PLAT 29-18 B,2,3,220550,21450,1,0,0,750,5,253500,0
20,65,6045,1260,SUN RAY HOMES GREYNOLDS PK SEC,0,4,256693,130121,1,0,0,3798,3,350000,0
22,68,6180,1021,JUDY MANORS 1ST ADDN  PB 56-50,0,4,174427,77309,1,0,0,0,9,250000,0
20,65,6045,1291,SUN RAY HOMES GREYNOLDS PK SEC,0,4,277012,130121,1,3920,2762,21096,5,370000,0
70,70,11250,2101,GRIFFING BISCAYNE PARK ESTS,0,2,271850,157500,1,0,0,16754,3,410000,0
64,64,8841,2223,4 52 42,0,4,366840,189802,1,0,0,22317,2,440000,0
75,75,8862,1222,ELBARODA GROVE        PB 18-66,0,4,171601,119637,1,0,0,933,7,269000,0
59,64,9300,2603,10-15 52 42,0,4,779156,576600,1,0,0,21387,-1,960000,0
70,70,7668,1549,FLEEMAN HGTS          PB 50-66,0,4,220608,111186,1,0,0,1612,0,199000,0
64,64,4500,900,WASHINGTON PARK       PB 2-95,0,4,131402,65404,1,0,0,3358,0,172500,0
70,70,6938,1596,FULFORD HOMES         PB 55-55,0,4,207480,104070,1,0,0,0,1,234000,0
63,63,4500,921,17 52 42,0,4,133032,65404,1,0,0,3526,4,252000,0
